-- phpMyAdmin SQL Dump
-- version 3.5.2.2
-- http://www.phpmyadmin.net
--
-- Host: localhost
-- Generation Time: Apr 03, 2013 at 11:47 AM
-- Server version: 5.0.67-community-nt
-- PHP Version: 5.2.8

SET SQL_MODE="NO_AUTO_VALUE_ON_ZERO";
SET time_zone = "+00:00";


/*!40101 SET @OLD_CHARACTER_SET_CLIENT=@@CHARACTER_SET_CLIENT */;
/*!40101 SET @OLD_CHARACTER_SET_RESULTS=@@CHARACTER_SET_RESULTS */;
/*!40101 SET @OLD_COLLATION_CONNECTION=@@COLLATION_CONNECTION */;
/*!40101 SET NAMES utf8 */;

--
-- Database: `fin3`
--

-- --------------------------------------------------------

--
-- Table structure for table `account`
--

CREATE TABLE IF NOT EXISTS `account` (
  `accountId` int(11) NOT NULL auto_increment,
  `accountName` varchar(255) character set utf8 default NULL,
  `otherInfo` varchar(5000) character set utf8 default NULL,
  `inludeInPL` char(1) NOT NULL default 'N',
  `orderBy` double NOT NULL default '9999',
  PRIMARY KEY  (`accountId`)
) ENGINE=InnoDB  DEFAULT CHARSET=latin1 AUTO_INCREMENT=24 ;

--
-- Dumping data for table `account`
--

INSERT INTO `account` (`accountId`, `accountName`, `otherInfo`, `inludeInPL`, `orderBy`) VALUES
(-1, 'Profit Loss', NULL, 'Y', -1),
(1, 'Loan', NULL, 'N', 5),
(2, 'Interest Received', NULL, 'Y', 4),
(3, 'Installment', '', 'N', 6),
(4, 'Interest Paid', NULL, 'Y', 3),
(6, 'Electric Expence', 'xtz', 'Y', 9999),
(7, 'Other Expense', '', 'Y', 9999),
(8, 'Vijaybhai', NULL, 'N', 9999),
(9, 'Tejasbhai', NULL, 'N', 9999),
(12, 'Pareshbhai', '', 'N', 9999),
(13, 'Parambhai', '', 'N', 9999),
(14, 'chetanbhai', '', 'N', 9999),
(15, 'Ashapura', '', 'N', 1),
(16, 'Chandarana', '', 'N', 9999),
(17, 'Interest To Pay', NULL, 'N', 2),
(18, 'Upendrabhai', '', 'N', 9999),
(19, 'Dhavalbhai', '', 'N', 9999),
(20, 'Dhirubhai Sagar', '', 'N', 9999),
(21, 'Vipulbhai 4day', '', 'N', 9999),
(22, 'Lalo Galaxy', '', 'N', 9999),
(23, 'yashpal bhai', '', 'N', 9999);

-- --------------------------------------------------------

--
-- Table structure for table `documents`
--

CREATE TABLE IF NOT EXISTS `documents` (
  `documentsId` int(11) NOT NULL auto_increment,
  `document` varchar(255) character set utf8 NOT NULL,
  PRIMARY KEY  (`documentsId`)
) ENGINE=InnoDB  DEFAULT CHARSET=latin1 AUTO_INCREMENT=6 ;

--
-- Dumping data for table `documents`
--

INSERT INTO `documents` (`documentsId`, `document`) VALUES
(1, 'Passport'),
(2, 'Licence'),
(3, 'Stamp Paper'),
(4, 'PAN Card '),
(5, 'Electric Bill');

-- --------------------------------------------------------

--
-- Table structure for table `draw`
--

CREATE TABLE IF NOT EXISTS `draw` (
  `drawId` int(11) NOT NULL auto_increment,
  `winnerLoanDrawId` int(11) NOT NULL default '0',
  `drawDate` date NOT NULL,
  `prize` double NOT NULL,
  PRIMARY KEY  (`drawId`)
) ENGINE=InnoDB DEFAULT CHARSET=latin1 AUTO_INCREMENT=1 ;

-- --------------------------------------------------------

--
-- Table structure for table `drawinstallment`
--

CREATE TABLE IF NOT EXISTS `drawinstallment` (
  `drawInstallmentId` int(11) NOT NULL auto_increment,
  `loanDrawId` int(11) NOT NULL,
  `drawInstallmentNo` int(11) NOT NULL,
  `drawInstallmentDate` date NOT NULL,
  `drawInstallmentAmount` double NOT NULL,
  `isReceived` varchar(1) NOT NULL,
  `receiveDate` date NOT NULL,
  PRIMARY KEY  (`drawInstallmentId`)
) ENGINE=InnoDB DEFAULT CHARSET=latin1 AUTO_INCREMENT=1 ;

-- --------------------------------------------------------

--
-- Table structure for table `installment`
--

CREATE TABLE IF NOT EXISTS `installment` (
  `installmentId` int(11) NOT NULL auto_increment,
  `loanId` int(11) default NULL,
  `installmentNo` int(11) default NULL,
  `installmentDate` date default NULL,
  `installmentAmount` double default NULL,
  `isReceived` char(1) default 'N',
  `receiveDate` date default NULL,
  PRIMARY KEY  (`installmentId`)
) ENGINE=InnoDB  DEFAULT CHARSET=latin1 AUTO_INCREMENT=1601 ;

--
-- Dumping data for table `installment`
--

INSERT INTO `installment` (`installmentId`, `loanId`, `installmentNo`, `installmentDate`, `installmentAmount`, `isReceived`, `receiveDate`) VALUES
(1, 1, 1, '2013-02-28', 200, 'Y', '2013-02-28'),
(2, 1, 2, '2013-03-01', 200, 'Y', '2013-02-28'),
(3, 1, 3, '2013-03-02', 200, 'Y', '2013-02-28'),
(4, 1, 4, '2013-03-03', 200, 'Y', '2013-03-01'),
(5, 1, 5, '2013-03-04', 200, 'Y', '2013-04-02'),
(6, 1, 6, '2013-03-05', 200, 'N', '0000-00-00'),
(7, 1, 7, '2013-03-06', 200, 'N', '0000-00-00'),
(8, 1, 8, '2013-03-07', 200, 'N', '0000-00-00'),
(9, 1, 9, '2013-03-08', 200, 'N', '0000-00-00'),
(10, 1, 10, '2013-03-09', 200, 'N', '0000-00-00'),
(11, 1, 11, '2013-03-10', 200, 'N', '0000-00-00'),
(12, 1, 12, '2013-03-11', 200, 'N', '0000-00-00'),
(13, 1, 13, '2013-03-12', 200, 'N', '0000-00-00'),
(14, 1, 14, '2013-03-13', 200, 'N', '0000-00-00'),
(15, 1, 15, '2013-03-14', 200, 'N', '0000-00-00'),
(16, 1, 16, '2013-03-15', 200, 'N', '0000-00-00'),
(17, 1, 17, '2013-03-16', 200, 'N', '0000-00-00'),
(18, 1, 18, '2013-03-17', 200, 'N', '0000-00-00'),
(19, 1, 19, '2013-03-18', 200, 'N', '0000-00-00'),
(20, 1, 20, '2013-03-19', 200, 'N', '0000-00-00'),
(21, 1, 21, '2013-03-20', 200, 'N', '0000-00-00'),
(22, 1, 22, '2013-03-21', 200, 'N', '0000-00-00'),
(23, 1, 23, '2013-03-22', 200, 'N', '0000-00-00'),
(24, 1, 24, '2013-03-23', 200, 'N', '0000-00-00'),
(25, 1, 25, '2013-03-24', 200, 'N', '0000-00-00'),
(26, 1, 26, '2013-03-25', 200, 'N', '0000-00-00'),
(27, 1, 27, '2013-03-26', 200, 'N', '0000-00-00'),
(28, 1, 28, '2013-03-27', 200, 'N', '0000-00-00'),
(29, 1, 29, '2013-03-28', 200, 'N', '0000-00-00'),
(30, 1, 30, '2013-03-29', 200, 'N', '0000-00-00'),
(31, 1, 31, '2013-03-30', 200, 'N', '0000-00-00'),
(32, 1, 32, '2013-03-31', 200, 'N', '0000-00-00'),
(33, 1, 33, '2013-04-01', 200, 'N', '0000-00-00'),
(34, 1, 34, '2013-04-02', 200, 'N', '0000-00-00'),
(35, 1, 35, '2013-04-03', 200, 'N', '0000-00-00'),
(36, 1, 36, '2013-04-04', 200, 'N', '0000-00-00'),
(37, 1, 37, '2013-04-05', 200, 'N', '0000-00-00'),
(38, 1, 38, '2013-04-06', 200, 'N', '0000-00-00'),
(39, 1, 39, '2013-04-07', 200, 'N', '0000-00-00'),
(40, 1, 40, '2013-04-08', 200, 'N', '0000-00-00'),
(41, 1, 41, '2013-04-09', 200, 'N', '0000-00-00'),
(42, 1, 42, '2013-04-10', 200, 'N', '0000-00-00'),
(43, 1, 43, '2013-04-11', 200, 'N', '0000-00-00'),
(44, 1, 44, '2013-04-12', 200, 'N', '0000-00-00'),
(45, 1, 45, '2013-04-13', 200, 'N', '0000-00-00'),
(46, 1, 46, '2013-04-14', 200, 'N', '0000-00-00'),
(47, 1, 47, '2013-04-15', 200, 'N', '0000-00-00'),
(48, 1, 48, '2013-04-16', 200, 'N', '0000-00-00'),
(49, 1, 49, '2013-04-17', 200, 'N', '0000-00-00'),
(50, 1, 50, '2013-04-18', 200, 'N', '0000-00-00'),
(51, 1, 51, '2013-04-19', 200, 'N', '0000-00-00'),
(52, 1, 52, '2013-04-20', 200, 'N', '0000-00-00'),
(53, 1, 53, '2013-04-21', 200, 'N', '0000-00-00'),
(54, 1, 54, '2013-04-22', 200, 'N', '0000-00-00'),
(55, 1, 55, '2013-04-23', 200, 'N', '0000-00-00'),
(56, 1, 56, '2013-04-24', 200, 'N', '0000-00-00'),
(57, 1, 57, '2013-04-25', 200, 'N', '0000-00-00'),
(58, 1, 58, '2013-04-26', 200, 'N', '0000-00-00'),
(59, 1, 59, '2013-04-27', 200, 'N', '0000-00-00'),
(60, 1, 60, '2013-04-28', 200, 'N', '0000-00-00'),
(61, 1, 61, '2013-04-29', 200, 'N', '0000-00-00'),
(62, 1, 62, '2013-04-30', 200, 'N', '0000-00-00'),
(63, 1, 63, '2013-05-01', 200, 'N', '0000-00-00'),
(64, 1, 64, '2013-05-02', 200, 'N', '0000-00-00'),
(65, 1, 65, '2013-05-03', 200, 'N', '0000-00-00'),
(66, 1, 66, '2013-05-04', 200, 'N', '0000-00-00'),
(67, 1, 67, '2013-05-05', 200, 'N', '0000-00-00'),
(68, 1, 68, '2013-05-06', 200, 'N', '0000-00-00'),
(69, 1, 69, '2013-05-07', 200, 'N', '0000-00-00'),
(70, 1, 70, '2013-05-08', 200, 'N', '0000-00-00'),
(71, 1, 71, '2013-05-09', 200, 'N', '0000-00-00'),
(72, 1, 72, '2013-05-10', 200, 'N', '0000-00-00'),
(73, 1, 73, '2013-05-11', 200, 'N', '0000-00-00'),
(74, 1, 74, '2013-05-12', 200, 'N', '0000-00-00'),
(75, 1, 75, '2013-05-13', 200, 'N', '0000-00-00'),
(76, 1, 76, '2013-05-14', 200, 'N', '0000-00-00'),
(77, 1, 77, '2013-05-15', 200, 'N', '0000-00-00'),
(78, 1, 78, '2013-05-16', 200, 'N', '0000-00-00'),
(79, 1, 79, '2013-05-17', 200, 'N', '0000-00-00'),
(80, 1, 80, '2013-05-18', 200, 'N', '0000-00-00'),
(81, 1, 81, '2013-05-19', 200, 'N', '0000-00-00'),
(82, 1, 82, '2013-05-20', 200, 'N', '0000-00-00'),
(83, 1, 83, '2013-05-21', 200, 'N', '0000-00-00'),
(84, 1, 84, '2013-05-22', 200, 'N', '0000-00-00'),
(85, 1, 85, '2013-05-23', 200, 'N', '0000-00-00'),
(86, 1, 86, '2013-05-24', 200, 'N', '0000-00-00'),
(87, 1, 87, '2013-05-25', 200, 'N', '0000-00-00'),
(88, 1, 88, '2013-05-26', 200, 'N', '0000-00-00'),
(89, 1, 89, '2013-05-27', 200, 'N', '0000-00-00'),
(90, 1, 90, '2013-05-28', 200, 'N', '0000-00-00'),
(91, 1, 91, '2013-05-29', 200, 'N', '0000-00-00'),
(92, 1, 92, '2013-05-30', 200, 'N', '0000-00-00'),
(93, 1, 93, '2013-05-31', 200, 'N', '0000-00-00'),
(94, 1, 94, '2013-06-01', 200, 'N', '0000-00-00'),
(95, 1, 95, '2013-06-02', 200, 'N', '0000-00-00'),
(96, 1, 96, '2013-06-03', 200, 'N', '0000-00-00'),
(97, 1, 97, '2013-06-04', 200, 'N', '0000-00-00'),
(98, 1, 98, '2013-06-05', 200, 'N', '0000-00-00'),
(99, 1, 99, '2013-06-06', 200, 'N', '0000-00-00'),
(100, 1, 100, '2013-06-07', 200, 'N', '0000-00-00'),
(101, 2, 1, '2013-02-28', 200, 'Y', '2013-02-28'),
(102, 2, 2, '2013-03-01', 200, 'Y', '2013-04-02'),
(103, 2, 3, '2013-03-02', 200, 'Y', '2013-04-02'),
(104, 2, 4, '2013-03-03', 200, 'N', '0000-00-00'),
(105, 2, 5, '2013-03-04', 200, 'N', '0000-00-00'),
(106, 2, 6, '2013-03-05', 200, 'N', '0000-00-00'),
(107, 2, 7, '2013-03-06', 200, 'N', '0000-00-00'),
(108, 2, 8, '2013-03-07', 200, 'N', '0000-00-00'),
(109, 2, 9, '2013-03-08', 200, 'N', '0000-00-00'),
(110, 2, 10, '2013-03-09', 200, 'N', '0000-00-00'),
(111, 2, 11, '2013-03-10', 200, 'N', '0000-00-00'),
(112, 2, 12, '2013-03-11', 200, 'N', '0000-00-00'),
(113, 2, 13, '2013-03-12', 200, 'N', '0000-00-00'),
(114, 2, 14, '2013-03-13', 200, 'N', '0000-00-00'),
(115, 2, 15, '2013-03-14', 200, 'N', '0000-00-00'),
(116, 2, 16, '2013-03-15', 200, 'N', '0000-00-00'),
(117, 2, 17, '2013-03-16', 200, 'N', '0000-00-00'),
(118, 2, 18, '2013-03-17', 200, 'N', '0000-00-00'),
(119, 2, 19, '2013-03-18', 200, 'N', '0000-00-00'),
(120, 2, 20, '2013-03-19', 200, 'N', '0000-00-00'),
(121, 2, 21, '2013-03-20', 200, 'N', '0000-00-00'),
(122, 2, 22, '2013-03-21', 200, 'N', '0000-00-00'),
(123, 2, 23, '2013-03-22', 200, 'N', '0000-00-00'),
(124, 2, 24, '2013-03-23', 200, 'N', '0000-00-00'),
(125, 2, 25, '2013-03-24', 200, 'N', '0000-00-00'),
(126, 2, 26, '2013-03-25', 200, 'N', '0000-00-00'),
(127, 2, 27, '2013-03-26', 200, 'N', '0000-00-00'),
(128, 2, 28, '2013-03-27', 200, 'N', '0000-00-00'),
(129, 2, 29, '2013-03-28', 200, 'N', '0000-00-00'),
(130, 2, 30, '2013-03-29', 200, 'N', '0000-00-00'),
(131, 2, 31, '2013-03-30', 200, 'N', '0000-00-00'),
(132, 2, 32, '2013-03-31', 200, 'N', '0000-00-00'),
(133, 2, 33, '2013-04-01', 200, 'N', '0000-00-00'),
(134, 2, 34, '2013-04-02', 200, 'N', '0000-00-00'),
(135, 2, 35, '2013-04-03', 200, 'N', '0000-00-00'),
(136, 2, 36, '2013-04-04', 200, 'N', '0000-00-00'),
(137, 2, 37, '2013-04-05', 200, 'N', '0000-00-00'),
(138, 2, 38, '2013-04-06', 200, 'N', '0000-00-00'),
(139, 2, 39, '2013-04-07', 200, 'N', '0000-00-00'),
(140, 2, 40, '2013-04-08', 200, 'N', '0000-00-00'),
(141, 2, 41, '2013-04-09', 200, 'N', '0000-00-00'),
(142, 2, 42, '2013-04-10', 200, 'N', '0000-00-00'),
(143, 2, 43, '2013-04-11', 200, 'N', '0000-00-00'),
(144, 2, 44, '2013-04-12', 200, 'N', '0000-00-00'),
(145, 2, 45, '2013-04-13', 200, 'N', '0000-00-00'),
(146, 2, 46, '2013-04-14', 200, 'N', '0000-00-00'),
(147, 2, 47, '2013-04-15', 200, 'N', '0000-00-00'),
(148, 2, 48, '2013-04-16', 200, 'N', '0000-00-00'),
(149, 2, 49, '2013-04-17', 200, 'N', '0000-00-00'),
(150, 2, 50, '2013-04-18', 200, 'N', '0000-00-00'),
(151, 2, 51, '2013-04-19', 200, 'N', '0000-00-00'),
(152, 2, 52, '2013-04-20', 200, 'N', '0000-00-00'),
(153, 2, 53, '2013-04-21', 200, 'N', '0000-00-00'),
(154, 2, 54, '2013-04-22', 200, 'N', '0000-00-00'),
(155, 2, 55, '2013-04-23', 200, 'N', '0000-00-00'),
(156, 2, 56, '2013-04-24', 200, 'N', '0000-00-00'),
(157, 2, 57, '2013-04-25', 200, 'N', '0000-00-00'),
(158, 2, 58, '2013-04-26', 200, 'N', '0000-00-00'),
(159, 2, 59, '2013-04-27', 200, 'N', '0000-00-00'),
(160, 2, 60, '2013-04-28', 200, 'N', '0000-00-00'),
(161, 2, 61, '2013-04-29', 200, 'N', '0000-00-00'),
(162, 2, 62, '2013-04-30', 200, 'N', '0000-00-00'),
(163, 2, 63, '2013-05-01', 200, 'N', '0000-00-00'),
(164, 2, 64, '2013-05-02', 200, 'N', '0000-00-00'),
(165, 2, 65, '2013-05-03', 200, 'N', '0000-00-00'),
(166, 2, 66, '2013-05-04', 200, 'N', '0000-00-00'),
(167, 2, 67, '2013-05-05', 200, 'N', '0000-00-00'),
(168, 2, 68, '2013-05-06', 200, 'N', '0000-00-00'),
(169, 2, 69, '2013-05-07', 200, 'N', '0000-00-00'),
(170, 2, 70, '2013-05-08', 200, 'N', '0000-00-00'),
(171, 2, 71, '2013-05-09', 200, 'N', '0000-00-00'),
(172, 2, 72, '2013-05-10', 200, 'N', '0000-00-00'),
(173, 2, 73, '2013-05-11', 200, 'N', '0000-00-00'),
(174, 2, 74, '2013-05-12', 200, 'N', '0000-00-00'),
(175, 2, 75, '2013-05-13', 200, 'N', '0000-00-00'),
(176, 2, 76, '2013-05-14', 200, 'N', '0000-00-00'),
(177, 2, 77, '2013-05-15', 200, 'N', '0000-00-00'),
(178, 2, 78, '2013-05-16', 200, 'N', '0000-00-00'),
(179, 2, 79, '2013-05-17', 200, 'N', '0000-00-00'),
(180, 2, 80, '2013-05-18', 200, 'N', '0000-00-00'),
(181, 2, 81, '2013-05-19', 200, 'N', '0000-00-00'),
(182, 2, 82, '2013-05-20', 200, 'N', '0000-00-00'),
(183, 2, 83, '2013-05-21', 200, 'N', '0000-00-00'),
(184, 2, 84, '2013-05-22', 200, 'N', '0000-00-00'),
(185, 2, 85, '2013-05-23', 200, 'N', '0000-00-00'),
(186, 2, 86, '2013-05-24', 200, 'N', '0000-00-00'),
(187, 2, 87, '2013-05-25', 200, 'N', '0000-00-00'),
(188, 2, 88, '2013-05-26', 200, 'N', '0000-00-00'),
(189, 2, 89, '2013-05-27', 200, 'N', '0000-00-00'),
(190, 2, 90, '2013-05-28', 200, 'N', '0000-00-00'),
(191, 2, 91, '2013-05-29', 200, 'N', '0000-00-00'),
(192, 2, 92, '2013-05-30', 200, 'N', '0000-00-00'),
(193, 2, 93, '2013-05-31', 200, 'N', '0000-00-00'),
(194, 2, 94, '2013-06-01', 200, 'N', '0000-00-00'),
(195, 2, 95, '2013-06-02', 200, 'N', '0000-00-00'),
(196, 2, 96, '2013-06-03', 200, 'N', '0000-00-00'),
(197, 2, 97, '2013-06-04', 200, 'N', '0000-00-00'),
(198, 2, 98, '2013-06-05', 200, 'N', '0000-00-00'),
(199, 2, 99, '2013-06-06', 200, 'N', '0000-00-00'),
(200, 2, 100, '2013-06-07', 200, 'N', '0000-00-00'),
(201, 3, 1, '2013-02-28', 120, 'Y', '2013-02-28'),
(202, 3, 2, '2013-03-01', 120, 'Y', '2013-03-01'),
(203, 3, 3, '2013-03-02', 120, 'Y', '2013-04-02'),
(204, 3, 4, '2013-03-03', 120, 'N', '0000-00-00'),
(205, 3, 5, '2013-03-04', 120, 'N', '0000-00-00'),
(206, 3, 6, '2013-03-05', 120, 'N', '0000-00-00'),
(207, 3, 7, '2013-03-06', 120, 'N', '0000-00-00'),
(208, 3, 8, '2013-03-07', 120, 'N', '0000-00-00'),
(209, 3, 9, '2013-03-08', 120, 'N', '0000-00-00'),
(210, 3, 10, '2013-03-09', 120, 'N', '0000-00-00'),
(211, 3, 11, '2013-03-10', 120, 'N', '0000-00-00'),
(212, 3, 12, '2013-03-11', 120, 'N', '0000-00-00'),
(213, 3, 13, '2013-03-12', 120, 'N', '0000-00-00'),
(214, 3, 14, '2013-03-13', 120, 'N', '0000-00-00'),
(215, 3, 15, '2013-03-14', 120, 'N', '0000-00-00'),
(216, 3, 16, '2013-03-15', 120, 'N', '0000-00-00'),
(217, 3, 17, '2013-03-16', 120, 'N', '0000-00-00'),
(218, 3, 18, '2013-03-17', 120, 'N', '0000-00-00'),
(219, 3, 19, '2013-03-18', 120, 'N', '0000-00-00'),
(220, 3, 20, '2013-03-19', 120, 'N', '0000-00-00'),
(221, 3, 21, '2013-03-20', 120, 'N', '0000-00-00'),
(222, 3, 22, '2013-03-21', 120, 'N', '0000-00-00'),
(223, 3, 23, '2013-03-22', 120, 'N', '0000-00-00'),
(224, 3, 24, '2013-03-23', 120, 'N', '0000-00-00'),
(225, 3, 25, '2013-03-24', 120, 'N', '0000-00-00'),
(226, 3, 26, '2013-03-25', 120, 'N', '0000-00-00'),
(227, 3, 27, '2013-03-26', 120, 'N', '0000-00-00'),
(228, 3, 28, '2013-03-27', 120, 'N', '0000-00-00'),
(229, 3, 29, '2013-03-28', 120, 'N', '0000-00-00'),
(230, 3, 30, '2013-03-29', 120, 'N', '0000-00-00'),
(231, 3, 31, '2013-03-30', 120, 'N', '0000-00-00'),
(232, 3, 32, '2013-03-31', 120, 'N', '0000-00-00'),
(233, 3, 33, '2013-04-01', 120, 'N', '0000-00-00'),
(234, 3, 34, '2013-04-02', 120, 'N', '0000-00-00'),
(235, 3, 35, '2013-04-03', 120, 'N', '0000-00-00'),
(236, 3, 36, '2013-04-04', 120, 'N', '0000-00-00'),
(237, 3, 37, '2013-04-05', 120, 'N', '0000-00-00'),
(238, 3, 38, '2013-04-06', 120, 'N', '0000-00-00'),
(239, 3, 39, '2013-04-07', 120, 'N', '0000-00-00'),
(240, 3, 40, '2013-04-08', 120, 'N', '0000-00-00'),
(241, 3, 41, '2013-04-09', 120, 'N', '0000-00-00'),
(242, 3, 42, '2013-04-10', 120, 'N', '0000-00-00'),
(243, 3, 43, '2013-04-11', 120, 'N', '0000-00-00'),
(244, 3, 44, '2013-04-12', 120, 'N', '0000-00-00'),
(245, 3, 45, '2013-04-13', 120, 'N', '0000-00-00'),
(246, 3, 46, '2013-04-14', 120, 'N', '0000-00-00'),
(247, 3, 47, '2013-04-15', 120, 'N', '0000-00-00'),
(248, 3, 48, '2013-04-16', 120, 'N', '0000-00-00'),
(249, 3, 49, '2013-04-17', 120, 'N', '0000-00-00'),
(250, 3, 50, '2013-04-18', 120, 'N', '0000-00-00'),
(251, 3, 51, '2013-04-19', 120, 'N', '0000-00-00'),
(252, 3, 52, '2013-04-20', 120, 'N', '0000-00-00'),
(253, 3, 53, '2013-04-21', 120, 'N', '0000-00-00'),
(254, 3, 54, '2013-04-22', 120, 'N', '0000-00-00'),
(255, 3, 55, '2013-04-23', 120, 'N', '0000-00-00'),
(256, 3, 56, '2013-04-24', 120, 'N', '0000-00-00'),
(257, 3, 57, '2013-04-25', 120, 'N', '0000-00-00'),
(258, 3, 58, '2013-04-26', 120, 'N', '0000-00-00'),
(259, 3, 59, '2013-04-27', 120, 'N', '0000-00-00'),
(260, 3, 60, '2013-04-28', 120, 'N', '0000-00-00'),
(261, 3, 61, '2013-04-29', 120, 'N', '0000-00-00'),
(262, 3, 62, '2013-04-30', 120, 'N', '0000-00-00'),
(263, 3, 63, '2013-05-01', 120, 'N', '0000-00-00'),
(264, 3, 64, '2013-05-02', 120, 'N', '0000-00-00'),
(265, 3, 65, '2013-05-03', 120, 'N', '0000-00-00'),
(266, 3, 66, '2013-05-04', 120, 'N', '0000-00-00'),
(267, 3, 67, '2013-05-05', 120, 'N', '0000-00-00'),
(268, 3, 68, '2013-05-06', 120, 'N', '0000-00-00'),
(269, 3, 69, '2013-05-07', 120, 'N', '0000-00-00'),
(270, 3, 70, '2013-05-08', 120, 'N', '0000-00-00'),
(271, 3, 71, '2013-05-09', 120, 'N', '0000-00-00'),
(272, 3, 72, '2013-05-10', 120, 'N', '0000-00-00'),
(273, 3, 73, '2013-05-11', 120, 'N', '0000-00-00'),
(274, 3, 74, '2013-05-12', 120, 'N', '0000-00-00'),
(275, 3, 75, '2013-05-13', 120, 'N', '0000-00-00'),
(276, 3, 76, '2013-05-14', 120, 'N', '0000-00-00'),
(277, 3, 77, '2013-05-15', 120, 'N', '0000-00-00'),
(278, 3, 78, '2013-05-16', 120, 'N', '0000-00-00'),
(279, 3, 79, '2013-05-17', 120, 'N', '0000-00-00'),
(280, 3, 80, '2013-05-18', 120, 'N', '0000-00-00'),
(281, 3, 81, '2013-05-19', 120, 'N', '0000-00-00'),
(282, 3, 82, '2013-05-20', 120, 'N', '0000-00-00'),
(283, 3, 83, '2013-05-21', 120, 'N', '0000-00-00'),
(284, 3, 84, '2013-05-22', 120, 'N', '0000-00-00'),
(285, 3, 85, '2013-05-23', 120, 'N', '0000-00-00'),
(286, 3, 86, '2013-05-24', 120, 'N', '0000-00-00'),
(287, 3, 87, '2013-05-25', 120, 'N', '0000-00-00'),
(288, 3, 88, '2013-05-26', 120, 'N', '0000-00-00'),
(289, 3, 89, '2013-05-27', 120, 'N', '0000-00-00'),
(290, 3, 90, '2013-05-28', 120, 'N', '0000-00-00'),
(291, 3, 91, '2013-05-29', 120, 'N', '0000-00-00'),
(292, 3, 92, '2013-05-30', 120, 'N', '0000-00-00'),
(293, 3, 93, '2013-05-31', 120, 'N', '0000-00-00'),
(294, 3, 94, '2013-06-01', 120, 'N', '0000-00-00'),
(295, 3, 95, '2013-06-02', 120, 'N', '0000-00-00'),
(296, 3, 96, '2013-06-03', 120, 'N', '0000-00-00'),
(297, 3, 97, '2013-06-04', 120, 'N', '0000-00-00'),
(298, 3, 98, '2013-06-05', 120, 'N', '0000-00-00'),
(299, 3, 99, '2013-06-06', 120, 'N', '0000-00-00'),
(300, 3, 100, '2013-06-07', 120, 'N', '0000-00-00'),
(301, 4, 1, '2013-03-01', 100, 'Y', '2013-03-01'),
(302, 4, 2, '2013-03-02', 100, 'Y', '2013-03-01'),
(303, 4, 3, '2013-03-03', 100, 'Y', '2013-04-02'),
(304, 4, 4, '2013-03-04', 100, 'Y', '2013-04-02'),
(305, 4, 5, '2013-03-05', 100, 'N', '0000-00-00'),
(306, 4, 6, '2013-03-06', 100, 'N', '0000-00-00'),
(307, 4, 7, '2013-03-07', 100, 'N', '0000-00-00'),
(308, 4, 8, '2013-03-08', 100, 'N', '0000-00-00'),
(309, 4, 9, '2013-03-09', 100, 'N', '0000-00-00'),
(310, 4, 10, '2013-03-10', 100, 'N', '0000-00-00'),
(311, 4, 11, '2013-03-11', 100, 'N', '0000-00-00'),
(312, 4, 12, '2013-03-12', 100, 'N', '0000-00-00'),
(313, 4, 13, '2013-03-13', 100, 'N', '0000-00-00'),
(314, 4, 14, '2013-03-14', 100, 'N', '0000-00-00'),
(315, 4, 15, '2013-03-15', 100, 'N', '0000-00-00'),
(316, 4, 16, '2013-03-16', 100, 'N', '0000-00-00'),
(317, 4, 17, '2013-03-17', 100, 'N', '0000-00-00'),
(318, 4, 18, '2013-03-18', 100, 'N', '0000-00-00'),
(319, 4, 19, '2013-03-19', 100, 'N', '0000-00-00'),
(320, 4, 20, '2013-03-20', 100, 'N', '0000-00-00'),
(321, 4, 21, '2013-03-21', 100, 'N', '0000-00-00'),
(322, 4, 22, '2013-03-22', 100, 'N', '0000-00-00'),
(323, 4, 23, '2013-03-23', 100, 'N', '0000-00-00'),
(324, 4, 24, '2013-03-24', 100, 'N', '0000-00-00'),
(325, 4, 25, '2013-03-25', 100, 'N', '0000-00-00'),
(326, 4, 26, '2013-03-26', 100, 'N', '0000-00-00'),
(327, 4, 27, '2013-03-27', 100, 'N', '0000-00-00'),
(328, 4, 28, '2013-03-28', 100, 'N', '0000-00-00'),
(329, 4, 29, '2013-03-29', 100, 'N', '0000-00-00'),
(330, 4, 30, '2013-03-30', 100, 'N', '0000-00-00'),
(331, 4, 31, '2013-03-31', 100, 'N', '0000-00-00'),
(332, 4, 32, '2013-04-01', 100, 'N', '0000-00-00'),
(333, 4, 33, '2013-04-02', 100, 'N', '0000-00-00'),
(334, 4, 34, '2013-04-03', 100, 'N', '0000-00-00'),
(335, 4, 35, '2013-04-04', 100, 'N', '0000-00-00'),
(336, 4, 36, '2013-04-05', 100, 'N', '0000-00-00'),
(337, 4, 37, '2013-04-06', 100, 'N', '0000-00-00'),
(338, 4, 38, '2013-04-07', 100, 'N', '0000-00-00'),
(339, 4, 39, '2013-04-08', 100, 'N', '0000-00-00'),
(340, 4, 40, '2013-04-09', 100, 'N', '0000-00-00'),
(341, 4, 41, '2013-04-10', 100, 'N', '0000-00-00'),
(342, 4, 42, '2013-04-11', 100, 'N', '0000-00-00'),
(343, 4, 43, '2013-04-12', 100, 'N', '0000-00-00'),
(344, 4, 44, '2013-04-13', 100, 'N', '0000-00-00'),
(345, 4, 45, '2013-04-14', 100, 'N', '0000-00-00'),
(346, 4, 46, '2013-04-15', 100, 'N', '0000-00-00'),
(347, 4, 47, '2013-04-16', 100, 'N', '0000-00-00'),
(348, 4, 48, '2013-04-17', 100, 'N', '0000-00-00'),
(349, 4, 49, '2013-04-18', 100, 'N', '0000-00-00'),
(350, 4, 50, '2013-04-19', 100, 'N', '0000-00-00'),
(351, 4, 51, '2013-04-20', 100, 'N', '0000-00-00'),
(352, 4, 52, '2013-04-21', 100, 'N', '0000-00-00'),
(353, 4, 53, '2013-04-22', 100, 'N', '0000-00-00'),
(354, 4, 54, '2013-04-23', 100, 'N', '0000-00-00'),
(355, 4, 55, '2013-04-24', 100, 'N', '0000-00-00'),
(356, 4, 56, '2013-04-25', 100, 'N', '0000-00-00'),
(357, 4, 57, '2013-04-26', 100, 'N', '0000-00-00'),
(358, 4, 58, '2013-04-27', 100, 'N', '0000-00-00'),
(359, 4, 59, '2013-04-28', 100, 'N', '0000-00-00'),
(360, 4, 60, '2013-04-29', 100, 'N', '0000-00-00'),
(361, 4, 61, '2013-04-30', 100, 'N', '0000-00-00'),
(362, 4, 62, '2013-05-01', 100, 'N', '0000-00-00'),
(363, 4, 63, '2013-05-02', 100, 'N', '0000-00-00'),
(364, 4, 64, '2013-05-03', 100, 'N', '0000-00-00'),
(365, 4, 65, '2013-05-04', 100, 'N', '0000-00-00'),
(366, 4, 66, '2013-05-05', 100, 'N', '0000-00-00'),
(367, 4, 67, '2013-05-06', 100, 'N', '0000-00-00'),
(368, 4, 68, '2013-05-07', 100, 'N', '0000-00-00'),
(369, 4, 69, '2013-05-08', 100, 'N', '0000-00-00'),
(370, 4, 70, '2013-05-09', 100, 'N', '0000-00-00'),
(371, 4, 71, '2013-05-10', 100, 'N', '0000-00-00'),
(372, 4, 72, '2013-05-11', 100, 'N', '0000-00-00'),
(373, 4, 73, '2013-05-12', 100, 'N', '0000-00-00'),
(374, 4, 74, '2013-05-13', 100, 'N', '0000-00-00'),
(375, 4, 75, '2013-05-14', 100, 'N', '0000-00-00'),
(376, 4, 76, '2013-05-15', 100, 'N', '0000-00-00'),
(377, 4, 77, '2013-05-16', 100, 'N', '0000-00-00'),
(378, 4, 78, '2013-05-17', 100, 'N', '0000-00-00'),
(379, 4, 79, '2013-05-18', 100, 'N', '0000-00-00'),
(380, 4, 80, '2013-05-19', 100, 'N', '0000-00-00'),
(381, 4, 81, '2013-05-20', 100, 'N', '0000-00-00'),
(382, 4, 82, '2013-05-21', 100, 'N', '0000-00-00'),
(383, 4, 83, '2013-05-22', 100, 'N', '0000-00-00'),
(384, 4, 84, '2013-05-23', 100, 'N', '0000-00-00'),
(385, 4, 85, '2013-05-24', 100, 'N', '0000-00-00'),
(386, 4, 86, '2013-05-25', 100, 'N', '0000-00-00'),
(387, 4, 87, '2013-05-26', 100, 'N', '0000-00-00'),
(388, 4, 88, '2013-05-27', 100, 'N', '0000-00-00'),
(389, 4, 89, '2013-05-28', 100, 'N', '0000-00-00'),
(390, 4, 90, '2013-05-29', 100, 'N', '0000-00-00'),
(391, 4, 91, '2013-05-30', 100, 'N', '0000-00-00'),
(392, 4, 92, '2013-05-31', 100, 'N', '0000-00-00'),
(393, 4, 93, '2013-06-01', 100, 'N', '0000-00-00'),
(394, 4, 94, '2013-06-02', 100, 'N', '0000-00-00'),
(395, 4, 95, '2013-06-03', 100, 'N', '0000-00-00'),
(396, 4, 96, '2013-06-04', 100, 'N', '0000-00-00'),
(397, 4, 97, '2013-06-05', 100, 'N', '0000-00-00'),
(398, 4, 98, '2013-06-06', 100, 'N', '0000-00-00'),
(399, 4, 99, '2013-06-07', 100, 'N', '0000-00-00'),
(400, 4, 100, '2013-06-08', 100, 'N', '0000-00-00'),
(401, 5, 1, '2013-03-01', 300, 'Y', '2013-03-01'),
(402, 5, 2, '2013-03-02', 300, 'Y', '2013-03-01'),
(403, 5, 3, '2013-03-03', 300, 'Y', '2013-03-01'),
(404, 5, 4, '2013-03-04', 300, 'N', '0000-00-00'),
(405, 5, 5, '2013-03-05', 300, 'N', '0000-00-00'),
(406, 5, 6, '2013-03-06', 300, 'N', '0000-00-00'),
(407, 5, 7, '2013-03-07', 300, 'N', '0000-00-00'),
(408, 5, 8, '2013-03-08', 300, 'N', '0000-00-00'),
(409, 5, 9, '2013-03-09', 300, 'N', '0000-00-00'),
(410, 5, 10, '2013-03-10', 300, 'N', '0000-00-00'),
(411, 5, 11, '2013-03-11', 300, 'N', '0000-00-00'),
(412, 5, 12, '2013-03-12', 300, 'N', '0000-00-00'),
(413, 5, 13, '2013-03-13', 300, 'N', '0000-00-00'),
(414, 5, 14, '2013-03-14', 300, 'N', '0000-00-00'),
(415, 5, 15, '2013-03-15', 300, 'N', '0000-00-00'),
(416, 5, 16, '2013-03-16', 300, 'N', '0000-00-00'),
(417, 5, 17, '2013-03-17', 300, 'N', '0000-00-00'),
(418, 5, 18, '2013-03-18', 300, 'N', '0000-00-00'),
(419, 5, 19, '2013-03-19', 300, 'N', '0000-00-00'),
(420, 5, 20, '2013-03-20', 300, 'N', '0000-00-00'),
(421, 5, 21, '2013-03-21', 300, 'N', '0000-00-00'),
(422, 5, 22, '2013-03-22', 300, 'N', '0000-00-00'),
(423, 5, 23, '2013-03-23', 300, 'N', '0000-00-00'),
(424, 5, 24, '2013-03-24', 300, 'N', '0000-00-00'),
(425, 5, 25, '2013-03-25', 300, 'N', '0000-00-00'),
(426, 5, 26, '2013-03-26', 300, 'N', '0000-00-00'),
(427, 5, 27, '2013-03-27', 300, 'N', '0000-00-00'),
(428, 5, 28, '2013-03-28', 300, 'N', '0000-00-00'),
(429, 5, 29, '2013-03-29', 300, 'N', '0000-00-00'),
(430, 5, 30, '2013-03-30', 300, 'N', '0000-00-00'),
(431, 5, 31, '2013-03-31', 300, 'N', '0000-00-00'),
(432, 5, 32, '2013-04-01', 300, 'N', '0000-00-00'),
(433, 5, 33, '2013-04-02', 300, 'N', '0000-00-00'),
(434, 5, 34, '2013-04-03', 300, 'N', '0000-00-00'),
(435, 5, 35, '2013-04-04', 300, 'N', '0000-00-00'),
(436, 5, 36, '2013-04-05', 300, 'N', '0000-00-00'),
(437, 5, 37, '2013-04-06', 300, 'N', '0000-00-00'),
(438, 5, 38, '2013-04-07', 300, 'N', '0000-00-00'),
(439, 5, 39, '2013-04-08', 300, 'N', '0000-00-00'),
(440, 5, 40, '2013-04-09', 300, 'N', '0000-00-00'),
(441, 5, 41, '2013-04-10', 300, 'N', '0000-00-00'),
(442, 5, 42, '2013-04-11', 300, 'N', '0000-00-00'),
(443, 5, 43, '2013-04-12', 300, 'N', '0000-00-00'),
(444, 5, 44, '2013-04-13', 300, 'N', '0000-00-00'),
(445, 5, 45, '2013-04-14', 300, 'N', '0000-00-00'),
(446, 5, 46, '2013-04-15', 300, 'N', '0000-00-00'),
(447, 5, 47, '2013-04-16', 300, 'N', '0000-00-00'),
(448, 5, 48, '2013-04-17', 300, 'N', '0000-00-00'),
(449, 5, 49, '2013-04-18', 300, 'N', '0000-00-00'),
(450, 5, 50, '2013-04-19', 300, 'N', '0000-00-00'),
(451, 5, 51, '2013-04-20', 300, 'N', '0000-00-00'),
(452, 5, 52, '2013-04-21', 300, 'N', '0000-00-00'),
(453, 5, 53, '2013-04-22', 300, 'N', '0000-00-00'),
(454, 5, 54, '2013-04-23', 300, 'N', '0000-00-00'),
(455, 5, 55, '2013-04-24', 300, 'N', '0000-00-00'),
(456, 5, 56, '2013-04-25', 300, 'N', '0000-00-00'),
(457, 5, 57, '2013-04-26', 300, 'N', '0000-00-00'),
(458, 5, 58, '2013-04-27', 300, 'N', '0000-00-00'),
(459, 5, 59, '2013-04-28', 300, 'N', '0000-00-00'),
(460, 5, 60, '2013-04-29', 300, 'N', '0000-00-00'),
(461, 5, 61, '2013-04-30', 300, 'N', '0000-00-00'),
(462, 5, 62, '2013-05-01', 300, 'N', '0000-00-00'),
(463, 5, 63, '2013-05-02', 300, 'N', '0000-00-00'),
(464, 5, 64, '2013-05-03', 300, 'N', '0000-00-00'),
(465, 5, 65, '2013-05-04', 300, 'N', '0000-00-00'),
(466, 5, 66, '2013-05-05', 300, 'N', '0000-00-00'),
(467, 5, 67, '2013-05-06', 300, 'N', '0000-00-00'),
(468, 5, 68, '2013-05-07', 300, 'N', '0000-00-00'),
(469, 5, 69, '2013-05-08', 300, 'N', '0000-00-00'),
(470, 5, 70, '2013-05-09', 300, 'N', '0000-00-00'),
(471, 5, 71, '2013-05-10', 300, 'N', '0000-00-00'),
(472, 5, 72, '2013-05-11', 300, 'N', '0000-00-00'),
(473, 5, 73, '2013-05-12', 300, 'N', '0000-00-00'),
(474, 5, 74, '2013-05-13', 300, 'N', '0000-00-00'),
(475, 5, 75, '2013-05-14', 300, 'N', '0000-00-00'),
(476, 5, 76, '2013-05-15', 300, 'N', '0000-00-00'),
(477, 5, 77, '2013-05-16', 300, 'N', '0000-00-00'),
(478, 5, 78, '2013-05-17', 300, 'N', '0000-00-00'),
(479, 5, 79, '2013-05-18', 300, 'N', '0000-00-00'),
(480, 5, 80, '2013-05-19', 300, 'N', '0000-00-00'),
(481, 5, 81, '2013-05-20', 300, 'N', '0000-00-00'),
(482, 5, 82, '2013-05-21', 300, 'N', '0000-00-00'),
(483, 5, 83, '2013-05-22', 300, 'N', '0000-00-00'),
(484, 5, 84, '2013-05-23', 300, 'N', '0000-00-00'),
(485, 5, 85, '2013-05-24', 300, 'N', '0000-00-00'),
(486, 5, 86, '2013-05-25', 300, 'N', '0000-00-00'),
(487, 5, 87, '2013-05-26', 300, 'N', '0000-00-00'),
(488, 5, 88, '2013-05-27', 300, 'N', '0000-00-00'),
(489, 5, 89, '2013-05-28', 300, 'N', '0000-00-00'),
(490, 5, 90, '2013-05-29', 300, 'N', '0000-00-00'),
(491, 5, 91, '2013-05-30', 300, 'N', '0000-00-00'),
(492, 5, 92, '2013-05-31', 300, 'N', '0000-00-00'),
(493, 5, 93, '2013-06-01', 300, 'N', '0000-00-00'),
(494, 5, 94, '2013-06-02', 300, 'N', '0000-00-00'),
(495, 5, 95, '2013-06-03', 300, 'N', '0000-00-00'),
(496, 5, 96, '2013-06-04', 300, 'N', '0000-00-00'),
(497, 5, 97, '2013-06-05', 300, 'N', '0000-00-00'),
(498, 5, 98, '2013-06-06', 300, 'N', '0000-00-00'),
(499, 5, 99, '2013-06-07', 300, 'N', '0000-00-00'),
(500, 5, 100, '2013-06-08', 300, 'N', '0000-00-00'),
(501, 6, 1, '2013-03-01', 200, 'Y', '2013-03-01'),
(502, 6, 2, '2013-03-02', 200, 'Y', '2013-04-02'),
(503, 6, 3, '2013-03-03', 200, 'N', '0000-00-00'),
(504, 6, 4, '2013-03-04', 200, 'N', '0000-00-00'),
(505, 6, 5, '2013-03-05', 200, 'N', '0000-00-00'),
(506, 6, 6, '2013-03-06', 200, 'N', '0000-00-00'),
(507, 6, 7, '2013-03-07', 200, 'N', '0000-00-00'),
(508, 6, 8, '2013-03-08', 200, 'N', '0000-00-00'),
(509, 6, 9, '2013-03-09', 200, 'N', '0000-00-00'),
(510, 6, 10, '2013-03-10', 200, 'N', '0000-00-00'),
(511, 6, 11, '2013-03-11', 200, 'N', '0000-00-00'),
(512, 6, 12, '2013-03-12', 200, 'N', '0000-00-00'),
(513, 6, 13, '2013-03-13', 200, 'N', '0000-00-00'),
(514, 6, 14, '2013-03-14', 200, 'N', '0000-00-00'),
(515, 6, 15, '2013-03-15', 200, 'N', '0000-00-00'),
(516, 6, 16, '2013-03-16', 200, 'N', '0000-00-00'),
(517, 6, 17, '2013-03-17', 200, 'N', '0000-00-00'),
(518, 6, 18, '2013-03-18', 200, 'N', '0000-00-00'),
(519, 6, 19, '2013-03-19', 200, 'N', '0000-00-00'),
(520, 6, 20, '2013-03-20', 200, 'N', '0000-00-00'),
(521, 6, 21, '2013-03-21', 200, 'N', '0000-00-00'),
(522, 6, 22, '2013-03-22', 200, 'N', '0000-00-00'),
(523, 6, 23, '2013-03-23', 200, 'N', '0000-00-00'),
(524, 6, 24, '2013-03-24', 200, 'N', '0000-00-00'),
(525, 6, 25, '2013-03-25', 200, 'N', '0000-00-00'),
(526, 6, 26, '2013-03-26', 200, 'N', '0000-00-00'),
(527, 6, 27, '2013-03-27', 200, 'N', '0000-00-00'),
(528, 6, 28, '2013-03-28', 200, 'N', '0000-00-00'),
(529, 6, 29, '2013-03-29', 200, 'N', '0000-00-00'),
(530, 6, 30, '2013-03-30', 200, 'N', '0000-00-00'),
(531, 6, 31, '2013-03-31', 200, 'N', '0000-00-00'),
(532, 6, 32, '2013-04-01', 200, 'N', '0000-00-00'),
(533, 6, 33, '2013-04-02', 200, 'N', '0000-00-00'),
(534, 6, 34, '2013-04-03', 200, 'N', '0000-00-00'),
(535, 6, 35, '2013-04-04', 200, 'N', '0000-00-00'),
(536, 6, 36, '2013-04-05', 200, 'N', '0000-00-00'),
(537, 6, 37, '2013-04-06', 200, 'N', '0000-00-00'),
(538, 6, 38, '2013-04-07', 200, 'N', '0000-00-00'),
(539, 6, 39, '2013-04-08', 200, 'N', '0000-00-00'),
(540, 6, 40, '2013-04-09', 200, 'N', '0000-00-00'),
(541, 6, 41, '2013-04-10', 200, 'N', '0000-00-00'),
(542, 6, 42, '2013-04-11', 200, 'N', '0000-00-00'),
(543, 6, 43, '2013-04-12', 200, 'N', '0000-00-00'),
(544, 6, 44, '2013-04-13', 200, 'N', '0000-00-00'),
(545, 6, 45, '2013-04-14', 200, 'N', '0000-00-00'),
(546, 6, 46, '2013-04-15', 200, 'N', '0000-00-00'),
(547, 6, 47, '2013-04-16', 200, 'N', '0000-00-00'),
(548, 6, 48, '2013-04-17', 200, 'N', '0000-00-00'),
(549, 6, 49, '2013-04-18', 200, 'N', '0000-00-00'),
(550, 6, 50, '2013-04-19', 200, 'N', '0000-00-00'),
(551, 6, 51, '2013-04-20', 200, 'N', '0000-00-00'),
(552, 6, 52, '2013-04-21', 200, 'N', '0000-00-00'),
(553, 6, 53, '2013-04-22', 200, 'N', '0000-00-00'),
(554, 6, 54, '2013-04-23', 200, 'N', '0000-00-00'),
(555, 6, 55, '2013-04-24', 200, 'N', '0000-00-00'),
(556, 6, 56, '2013-04-25', 200, 'N', '0000-00-00'),
(557, 6, 57, '2013-04-26', 200, 'N', '0000-00-00'),
(558, 6, 58, '2013-04-27', 200, 'N', '0000-00-00'),
(559, 6, 59, '2013-04-28', 200, 'N', '0000-00-00'),
(560, 6, 60, '2013-04-29', 200, 'N', '0000-00-00'),
(561, 6, 61, '2013-04-30', 200, 'N', '0000-00-00'),
(562, 6, 62, '2013-05-01', 200, 'N', '0000-00-00'),
(563, 6, 63, '2013-05-02', 200, 'N', '0000-00-00'),
(564, 6, 64, '2013-05-03', 200, 'N', '0000-00-00'),
(565, 6, 65, '2013-05-04', 200, 'N', '0000-00-00'),
(566, 6, 66, '2013-05-05', 200, 'N', '0000-00-00'),
(567, 6, 67, '2013-05-06', 200, 'N', '0000-00-00'),
(568, 6, 68, '2013-05-07', 200, 'N', '0000-00-00'),
(569, 6, 69, '2013-05-08', 200, 'N', '0000-00-00'),
(570, 6, 70, '2013-05-09', 200, 'N', '0000-00-00'),
(571, 6, 71, '2013-05-10', 200, 'N', '0000-00-00'),
(572, 6, 72, '2013-05-11', 200, 'N', '0000-00-00'),
(573, 6, 73, '2013-05-12', 200, 'N', '0000-00-00'),
(574, 6, 74, '2013-05-13', 200, 'N', '0000-00-00'),
(575, 6, 75, '2013-05-14', 200, 'N', '0000-00-00'),
(576, 6, 76, '2013-05-15', 200, 'N', '0000-00-00'),
(577, 6, 77, '2013-05-16', 200, 'N', '0000-00-00'),
(578, 6, 78, '2013-05-17', 200, 'N', '0000-00-00'),
(579, 6, 79, '2013-05-18', 200, 'N', '0000-00-00'),
(580, 6, 80, '2013-05-19', 200, 'N', '0000-00-00'),
(581, 6, 81, '2013-05-20', 200, 'N', '0000-00-00'),
(582, 6, 82, '2013-05-21', 200, 'N', '0000-00-00'),
(583, 6, 83, '2013-05-22', 200, 'N', '0000-00-00'),
(584, 6, 84, '2013-05-23', 200, 'N', '0000-00-00'),
(585, 6, 85, '2013-05-24', 200, 'N', '0000-00-00'),
(586, 6, 86, '2013-05-25', 200, 'N', '0000-00-00'),
(587, 6, 87, '2013-05-26', 200, 'N', '0000-00-00'),
(588, 6, 88, '2013-05-27', 200, 'N', '0000-00-00'),
(589, 6, 89, '2013-05-28', 200, 'N', '0000-00-00'),
(590, 6, 90, '2013-05-29', 200, 'N', '0000-00-00'),
(591, 6, 91, '2013-05-30', 200, 'N', '0000-00-00'),
(592, 6, 92, '2013-05-31', 200, 'N', '0000-00-00'),
(593, 6, 93, '2013-06-01', 200, 'N', '0000-00-00'),
(594, 6, 94, '2013-06-02', 200, 'N', '0000-00-00'),
(595, 6, 95, '2013-06-03', 200, 'N', '0000-00-00'),
(596, 6, 96, '2013-06-04', 200, 'N', '0000-00-00'),
(597, 6, 97, '2013-06-05', 200, 'N', '0000-00-00'),
(598, 6, 98, '2013-06-06', 200, 'N', '0000-00-00'),
(599, 6, 99, '2013-06-07', 200, 'N', '0000-00-00'),
(600, 6, 100, '2013-06-08', 200, 'N', '0000-00-00'),
(601, 7, 1, '2013-03-01', 500, 'Y', '2013-03-01'),
(602, 7, 2, '2013-03-02', 500, 'Y', '2013-03-01'),
(603, 7, 3, '2013-03-03', 500, 'Y', '2013-03-01'),
(604, 7, 4, '2013-03-04', 500, 'Y', '2013-03-01'),
(605, 7, 5, '2013-03-05', 500, 'Y', '2013-03-01'),
(606, 7, 6, '2013-03-06', 500, 'N', '0000-00-00'),
(607, 7, 7, '2013-03-07', 500, 'N', '0000-00-00'),
(608, 7, 8, '2013-03-08', 500, 'N', '0000-00-00'),
(609, 7, 9, '2013-03-09', 500, 'N', '0000-00-00'),
(610, 7, 10, '2013-03-10', 500, 'N', '0000-00-00'),
(611, 7, 11, '2013-03-11', 500, 'N', '0000-00-00'),
(612, 7, 12, '2013-03-12', 500, 'N', '0000-00-00'),
(613, 7, 13, '2013-03-13', 500, 'N', '0000-00-00'),
(614, 7, 14, '2013-03-14', 500, 'N', '0000-00-00'),
(615, 7, 15, '2013-03-15', 500, 'N', '0000-00-00'),
(616, 7, 16, '2013-03-16', 500, 'N', '0000-00-00'),
(617, 7, 17, '2013-03-17', 500, 'N', '0000-00-00'),
(618, 7, 18, '2013-03-18', 500, 'N', '0000-00-00'),
(619, 7, 19, '2013-03-19', 500, 'N', '0000-00-00'),
(620, 7, 20, '2013-03-20', 500, 'N', '0000-00-00'),
(621, 7, 21, '2013-03-21', 500, 'N', '0000-00-00'),
(622, 7, 22, '2013-03-22', 500, 'N', '0000-00-00'),
(623, 7, 23, '2013-03-23', 500, 'N', '0000-00-00'),
(624, 7, 24, '2013-03-24', 500, 'N', '0000-00-00'),
(625, 7, 25, '2013-03-25', 500, 'N', '0000-00-00'),
(626, 7, 26, '2013-03-26', 500, 'N', '0000-00-00'),
(627, 7, 27, '2013-03-27', 500, 'N', '0000-00-00'),
(628, 7, 28, '2013-03-28', 500, 'N', '0000-00-00'),
(629, 7, 29, '2013-03-29', 500, 'N', '0000-00-00'),
(630, 7, 30, '2013-03-30', 500, 'N', '0000-00-00'),
(631, 7, 31, '2013-03-31', 500, 'N', '0000-00-00'),
(632, 7, 32, '2013-04-01', 500, 'N', '0000-00-00'),
(633, 7, 33, '2013-04-02', 500, 'N', '0000-00-00'),
(634, 7, 34, '2013-04-03', 500, 'N', '0000-00-00'),
(635, 7, 35, '2013-04-04', 500, 'N', '0000-00-00'),
(636, 7, 36, '2013-04-05', 500, 'N', '0000-00-00'),
(637, 7, 37, '2013-04-06', 500, 'N', '0000-00-00'),
(638, 7, 38, '2013-04-07', 500, 'N', '0000-00-00'),
(639, 7, 39, '2013-04-08', 500, 'N', '0000-00-00'),
(640, 7, 40, '2013-04-09', 500, 'N', '0000-00-00'),
(641, 7, 41, '2013-04-10', 500, 'N', '0000-00-00'),
(642, 7, 42, '2013-04-11', 500, 'N', '0000-00-00'),
(643, 7, 43, '2013-04-12', 500, 'N', '0000-00-00'),
(644, 7, 44, '2013-04-13', 500, 'N', '0000-00-00'),
(645, 7, 45, '2013-04-14', 500, 'N', '0000-00-00'),
(646, 7, 46, '2013-04-15', 500, 'N', '0000-00-00'),
(647, 7, 47, '2013-04-16', 500, 'N', '0000-00-00'),
(648, 7, 48, '2013-04-17', 500, 'N', '0000-00-00'),
(649, 7, 49, '2013-04-18', 500, 'N', '0000-00-00'),
(650, 7, 50, '2013-04-19', 500, 'N', '0000-00-00'),
(651, 7, 51, '2013-04-20', 500, 'N', '0000-00-00'),
(652, 7, 52, '2013-04-21', 500, 'N', '0000-00-00'),
(653, 7, 53, '2013-04-22', 500, 'N', '0000-00-00'),
(654, 7, 54, '2013-04-23', 500, 'N', '0000-00-00'),
(655, 7, 55, '2013-04-24', 500, 'N', '0000-00-00'),
(656, 7, 56, '2013-04-25', 500, 'N', '0000-00-00'),
(657, 7, 57, '2013-04-26', 500, 'N', '0000-00-00'),
(658, 7, 58, '2013-04-27', 500, 'N', '0000-00-00'),
(659, 7, 59, '2013-04-28', 500, 'N', '0000-00-00'),
(660, 7, 60, '2013-04-29', 500, 'N', '0000-00-00'),
(661, 7, 61, '2013-04-30', 500, 'N', '0000-00-00'),
(662, 7, 62, '2013-05-01', 500, 'N', '0000-00-00'),
(663, 7, 63, '2013-05-02', 500, 'N', '0000-00-00'),
(664, 7, 64, '2013-05-03', 500, 'N', '0000-00-00'),
(665, 7, 65, '2013-05-04', 500, 'N', '0000-00-00'),
(666, 7, 66, '2013-05-05', 500, 'N', '0000-00-00'),
(667, 7, 67, '2013-05-06', 500, 'N', '0000-00-00'),
(668, 7, 68, '2013-05-07', 500, 'N', '0000-00-00'),
(669, 7, 69, '2013-05-08', 500, 'N', '0000-00-00'),
(670, 7, 70, '2013-05-09', 500, 'N', '0000-00-00'),
(671, 7, 71, '2013-05-10', 500, 'N', '0000-00-00'),
(672, 7, 72, '2013-05-11', 500, 'N', '0000-00-00'),
(673, 7, 73, '2013-05-12', 500, 'N', '0000-00-00'),
(674, 7, 74, '2013-05-13', 500, 'N', '0000-00-00'),
(675, 7, 75, '2013-05-14', 500, 'N', '0000-00-00'),
(676, 7, 76, '2013-05-15', 500, 'N', '0000-00-00'),
(677, 7, 77, '2013-05-16', 500, 'N', '0000-00-00'),
(678, 7, 78, '2013-05-17', 500, 'N', '0000-00-00'),
(679, 7, 79, '2013-05-18', 500, 'N', '0000-00-00'),
(680, 7, 80, '2013-05-19', 500, 'N', '0000-00-00'),
(681, 7, 81, '2013-05-20', 500, 'N', '0000-00-00'),
(682, 7, 82, '2013-05-21', 500, 'N', '0000-00-00'),
(683, 7, 83, '2013-05-22', 500, 'N', '0000-00-00'),
(684, 7, 84, '2013-05-23', 500, 'N', '0000-00-00'),
(685, 7, 85, '2013-05-24', 500, 'N', '0000-00-00'),
(686, 7, 86, '2013-05-25', 500, 'N', '0000-00-00'),
(687, 7, 87, '2013-05-26', 500, 'N', '0000-00-00'),
(688, 7, 88, '2013-05-27', 500, 'N', '0000-00-00'),
(689, 7, 89, '2013-05-28', 500, 'N', '0000-00-00'),
(690, 7, 90, '2013-05-29', 500, 'N', '0000-00-00'),
(691, 7, 91, '2013-05-30', 500, 'N', '0000-00-00'),
(692, 7, 92, '2013-05-31', 500, 'N', '0000-00-00'),
(693, 7, 93, '2013-06-01', 500, 'N', '0000-00-00'),
(694, 7, 94, '2013-06-02', 500, 'N', '0000-00-00'),
(695, 7, 95, '2013-06-03', 500, 'N', '0000-00-00'),
(696, 7, 96, '2013-06-04', 500, 'N', '0000-00-00'),
(697, 7, 97, '2013-06-05', 500, 'N', '0000-00-00'),
(698, 7, 98, '2013-06-06', 500, 'N', '0000-00-00'),
(699, 7, 99, '2013-06-07', 500, 'N', '0000-00-00'),
(700, 7, 100, '2013-06-08', 500, 'N', '0000-00-00'),
(701, 8, 1, '2013-03-01', 500, 'Y', '2013-03-01'),
(702, 8, 2, '2013-03-02', 500, 'Y', '2013-03-01'),
(703, 8, 3, '2013-03-03', 500, 'N', '0000-00-00'),
(704, 8, 4, '2013-03-04', 500, 'N', '0000-00-00'),
(705, 8, 5, '2013-03-05', 500, 'N', '0000-00-00'),
(706, 8, 6, '2013-03-06', 500, 'N', '0000-00-00'),
(707, 8, 7, '2013-03-07', 500, 'N', '0000-00-00'),
(708, 8, 8, '2013-03-08', 500, 'N', '0000-00-00'),
(709, 8, 9, '2013-03-09', 500, 'N', '0000-00-00'),
(710, 8, 10, '2013-03-10', 500, 'N', '0000-00-00'),
(711, 8, 11, '2013-03-11', 500, 'N', '0000-00-00'),
(712, 8, 12, '2013-03-12', 500, 'N', '0000-00-00'),
(713, 8, 13, '2013-03-13', 500, 'N', '0000-00-00'),
(714, 8, 14, '2013-03-14', 500, 'N', '0000-00-00'),
(715, 8, 15, '2013-03-15', 500, 'N', '0000-00-00'),
(716, 8, 16, '2013-03-16', 500, 'N', '0000-00-00'),
(717, 8, 17, '2013-03-17', 500, 'N', '0000-00-00'),
(718, 8, 18, '2013-03-18', 500, 'N', '0000-00-00'),
(719, 8, 19, '2013-03-19', 500, 'N', '0000-00-00'),
(720, 8, 20, '2013-03-20', 500, 'N', '0000-00-00'),
(721, 8, 21, '2013-03-21', 500, 'N', '0000-00-00'),
(722, 8, 22, '2013-03-22', 500, 'N', '0000-00-00'),
(723, 8, 23, '2013-03-23', 500, 'N', '0000-00-00'),
(724, 8, 24, '2013-03-24', 500, 'N', '0000-00-00'),
(725, 8, 25, '2013-03-25', 500, 'N', '0000-00-00'),
(726, 8, 26, '2013-03-26', 500, 'N', '0000-00-00'),
(727, 8, 27, '2013-03-27', 500, 'N', '0000-00-00'),
(728, 8, 28, '2013-03-28', 500, 'N', '0000-00-00'),
(729, 8, 29, '2013-03-29', 500, 'N', '0000-00-00'),
(730, 8, 30, '2013-03-30', 500, 'N', '0000-00-00'),
(731, 8, 31, '2013-03-31', 500, 'N', '0000-00-00'),
(732, 8, 32, '2013-04-01', 500, 'N', '0000-00-00'),
(733, 8, 33, '2013-04-02', 500, 'N', '0000-00-00'),
(734, 8, 34, '2013-04-03', 500, 'N', '0000-00-00'),
(735, 8, 35, '2013-04-04', 500, 'N', '0000-00-00'),
(736, 8, 36, '2013-04-05', 500, 'N', '0000-00-00'),
(737, 8, 37, '2013-04-06', 500, 'N', '0000-00-00'),
(738, 8, 38, '2013-04-07', 500, 'N', '0000-00-00'),
(739, 8, 39, '2013-04-08', 500, 'N', '0000-00-00'),
(740, 8, 40, '2013-04-09', 500, 'N', '0000-00-00'),
(741, 8, 41, '2013-04-10', 500, 'N', '0000-00-00'),
(742, 8, 42, '2013-04-11', 500, 'N', '0000-00-00'),
(743, 8, 43, '2013-04-12', 500, 'N', '0000-00-00'),
(744, 8, 44, '2013-04-13', 500, 'N', '0000-00-00'),
(745, 8, 45, '2013-04-14', 500, 'N', '0000-00-00'),
(746, 8, 46, '2013-04-15', 500, 'N', '0000-00-00'),
(747, 8, 47, '2013-04-16', 500, 'N', '0000-00-00'),
(748, 8, 48, '2013-04-17', 500, 'N', '0000-00-00'),
(749, 8, 49, '2013-04-18', 500, 'N', '0000-00-00'),
(750, 8, 50, '2013-04-19', 500, 'N', '0000-00-00'),
(751, 8, 51, '2013-04-20', 500, 'N', '0000-00-00'),
(752, 8, 52, '2013-04-21', 500, 'N', '0000-00-00'),
(753, 8, 53, '2013-04-22', 500, 'N', '0000-00-00'),
(754, 8, 54, '2013-04-23', 500, 'N', '0000-00-00'),
(755, 8, 55, '2013-04-24', 500, 'N', '0000-00-00'),
(756, 8, 56, '2013-04-25', 500, 'N', '0000-00-00'),
(757, 8, 57, '2013-04-26', 500, 'N', '0000-00-00'),
(758, 8, 58, '2013-04-27', 500, 'N', '0000-00-00'),
(759, 8, 59, '2013-04-28', 500, 'N', '0000-00-00'),
(760, 8, 60, '2013-04-29', 500, 'N', '0000-00-00'),
(761, 8, 61, '2013-04-30', 500, 'N', '0000-00-00'),
(762, 8, 62, '2013-05-01', 500, 'N', '0000-00-00'),
(763, 8, 63, '2013-05-02', 500, 'N', '0000-00-00'),
(764, 8, 64, '2013-05-03', 500, 'N', '0000-00-00'),
(765, 8, 65, '2013-05-04', 500, 'N', '0000-00-00'),
(766, 8, 66, '2013-05-05', 500, 'N', '0000-00-00'),
(767, 8, 67, '2013-05-06', 500, 'N', '0000-00-00'),
(768, 8, 68, '2013-05-07', 500, 'N', '0000-00-00'),
(769, 8, 69, '2013-05-08', 500, 'N', '0000-00-00'),
(770, 8, 70, '2013-05-09', 500, 'N', '0000-00-00'),
(771, 8, 71, '2013-05-10', 500, 'N', '0000-00-00'),
(772, 8, 72, '2013-05-11', 500, 'N', '0000-00-00'),
(773, 8, 73, '2013-05-12', 500, 'N', '0000-00-00'),
(774, 8, 74, '2013-05-13', 500, 'N', '0000-00-00'),
(775, 8, 75, '2013-05-14', 500, 'N', '0000-00-00'),
(776, 8, 76, '2013-05-15', 500, 'N', '0000-00-00'),
(777, 8, 77, '2013-05-16', 500, 'N', '0000-00-00'),
(778, 8, 78, '2013-05-17', 500, 'N', '0000-00-00'),
(779, 8, 79, '2013-05-18', 500, 'N', '0000-00-00'),
(780, 8, 80, '2013-05-19', 500, 'N', '0000-00-00'),
(781, 8, 81, '2013-05-20', 500, 'N', '0000-00-00'),
(782, 8, 82, '2013-05-21', 500, 'N', '0000-00-00'),
(783, 8, 83, '2013-05-22', 500, 'N', '0000-00-00'),
(784, 8, 84, '2013-05-23', 500, 'N', '0000-00-00'),
(785, 8, 85, '2013-05-24', 500, 'N', '0000-00-00'),
(786, 8, 86, '2013-05-25', 500, 'N', '0000-00-00'),
(787, 8, 87, '2013-05-26', 500, 'N', '0000-00-00'),
(788, 8, 88, '2013-05-27', 500, 'N', '0000-00-00'),
(789, 8, 89, '2013-05-28', 500, 'N', '0000-00-00'),
(790, 8, 90, '2013-05-29', 500, 'N', '0000-00-00'),
(791, 8, 91, '2013-05-30', 500, 'N', '0000-00-00'),
(792, 8, 92, '2013-05-31', 500, 'N', '0000-00-00'),
(793, 8, 93, '2013-06-01', 500, 'N', '0000-00-00'),
(794, 8, 94, '2013-06-02', 500, 'N', '0000-00-00'),
(795, 8, 95, '2013-06-03', 500, 'N', '0000-00-00'),
(796, 8, 96, '2013-06-04', 500, 'N', '0000-00-00'),
(797, 8, 97, '2013-06-05', 500, 'N', '0000-00-00'),
(798, 8, 98, '2013-06-06', 500, 'N', '0000-00-00'),
(799, 8, 99, '2013-06-07', 500, 'N', '0000-00-00'),
(800, 8, 100, '2013-06-08', 500, 'N', '0000-00-00'),
(801, 9, 1, '2013-03-02', 100, 'Y', '2013-03-02'),
(802, 9, 2, '2013-03-03', 100, 'N', '0000-00-00'),
(803, 9, 3, '2013-03-04', 100, 'N', '0000-00-00'),
(804, 9, 4, '2013-03-05', 100, 'N', '0000-00-00'),
(805, 9, 5, '2013-03-06', 100, 'N', '0000-00-00'),
(806, 9, 6, '2013-03-07', 100, 'N', '0000-00-00'),
(807, 9, 7, '2013-03-08', 100, 'N', '0000-00-00'),
(808, 9, 8, '2013-03-09', 100, 'N', '0000-00-00'),
(809, 9, 9, '2013-03-10', 100, 'N', '0000-00-00'),
(810, 9, 10, '2013-03-11', 100, 'N', '0000-00-00'),
(811, 9, 11, '2013-03-12', 100, 'N', '0000-00-00'),
(812, 9, 12, '2013-03-13', 100, 'N', '0000-00-00'),
(813, 9, 13, '2013-03-14', 100, 'N', '0000-00-00'),
(814, 9, 14, '2013-03-15', 100, 'N', '0000-00-00'),
(815, 9, 15, '2013-03-16', 100, 'N', '0000-00-00'),
(816, 9, 16, '2013-03-17', 100, 'N', '0000-00-00'),
(817, 9, 17, '2013-03-18', 100, 'N', '0000-00-00'),
(818, 9, 18, '2013-03-19', 100, 'N', '0000-00-00'),
(819, 9, 19, '2013-03-20', 100, 'N', '0000-00-00'),
(820, 9, 20, '2013-03-21', 100, 'N', '0000-00-00'),
(821, 9, 21, '2013-03-22', 100, 'N', '0000-00-00'),
(822, 9, 22, '2013-03-23', 100, 'N', '0000-00-00'),
(823, 9, 23, '2013-03-24', 100, 'N', '0000-00-00'),
(824, 9, 24, '2013-03-25', 100, 'N', '0000-00-00'),
(825, 9, 25, '2013-03-26', 100, 'N', '0000-00-00'),
(826, 9, 26, '2013-03-27', 100, 'N', '0000-00-00'),
(827, 9, 27, '2013-03-28', 100, 'N', '0000-00-00'),
(828, 9, 28, '2013-03-29', 100, 'N', '0000-00-00'),
(829, 9, 29, '2013-03-30', 100, 'N', '0000-00-00'),
(830, 9, 30, '2013-03-31', 100, 'N', '0000-00-00'),
(831, 9, 31, '2013-04-01', 100, 'N', '0000-00-00'),
(832, 9, 32, '2013-04-02', 100, 'N', '0000-00-00'),
(833, 9, 33, '2013-04-03', 100, 'N', '0000-00-00'),
(834, 9, 34, '2013-04-04', 100, 'N', '0000-00-00'),
(835, 9, 35, '2013-04-05', 100, 'N', '0000-00-00'),
(836, 9, 36, '2013-04-06', 100, 'N', '0000-00-00'),
(837, 9, 37, '2013-04-07', 100, 'N', '0000-00-00'),
(838, 9, 38, '2013-04-08', 100, 'N', '0000-00-00'),
(839, 9, 39, '2013-04-09', 100, 'N', '0000-00-00'),
(840, 9, 40, '2013-04-10', 100, 'N', '0000-00-00'),
(841, 9, 41, '2013-04-11', 100, 'N', '0000-00-00'),
(842, 9, 42, '2013-04-12', 100, 'N', '0000-00-00'),
(843, 9, 43, '2013-04-13', 100, 'N', '0000-00-00'),
(844, 9, 44, '2013-04-14', 100, 'N', '0000-00-00'),
(845, 9, 45, '2013-04-15', 100, 'N', '0000-00-00'),
(846, 9, 46, '2013-04-16', 100, 'N', '0000-00-00'),
(847, 9, 47, '2013-04-17', 100, 'N', '0000-00-00'),
(848, 9, 48, '2013-04-18', 100, 'N', '0000-00-00'),
(849, 9, 49, '2013-04-19', 100, 'N', '0000-00-00'),
(850, 9, 50, '2013-04-20', 100, 'N', '0000-00-00'),
(851, 9, 51, '2013-04-21', 100, 'N', '0000-00-00'),
(852, 9, 52, '2013-04-22', 100, 'N', '0000-00-00'),
(853, 9, 53, '2013-04-23', 100, 'N', '0000-00-00'),
(854, 9, 54, '2013-04-24', 100, 'N', '0000-00-00'),
(855, 9, 55, '2013-04-25', 100, 'N', '0000-00-00'),
(856, 9, 56, '2013-04-26', 100, 'N', '0000-00-00'),
(857, 9, 57, '2013-04-27', 100, 'N', '0000-00-00'),
(858, 9, 58, '2013-04-28', 100, 'N', '0000-00-00'),
(859, 9, 59, '2013-04-29', 100, 'N', '0000-00-00'),
(860, 9, 60, '2013-04-30', 100, 'N', '0000-00-00'),
(861, 9, 61, '2013-05-01', 100, 'N', '0000-00-00'),
(862, 9, 62, '2013-05-02', 100, 'N', '0000-00-00'),
(863, 9, 63, '2013-05-03', 100, 'N', '0000-00-00'),
(864, 9, 64, '2013-05-04', 100, 'N', '0000-00-00'),
(865, 9, 65, '2013-05-05', 100, 'N', '0000-00-00'),
(866, 9, 66, '2013-05-06', 100, 'N', '0000-00-00'),
(867, 9, 67, '2013-05-07', 100, 'N', '0000-00-00'),
(868, 9, 68, '2013-05-08', 100, 'N', '0000-00-00'),
(869, 9, 69, '2013-05-09', 100, 'N', '0000-00-00'),
(870, 9, 70, '2013-05-10', 100, 'N', '0000-00-00'),
(871, 9, 71, '2013-05-11', 100, 'N', '0000-00-00'),
(872, 9, 72, '2013-05-12', 100, 'N', '0000-00-00'),
(873, 9, 73, '2013-05-13', 100, 'N', '0000-00-00'),
(874, 9, 74, '2013-05-14', 100, 'N', '0000-00-00'),
(875, 9, 75, '2013-05-15', 100, 'N', '0000-00-00'),
(876, 9, 76, '2013-05-16', 100, 'N', '0000-00-00'),
(877, 9, 77, '2013-05-17', 100, 'N', '0000-00-00'),
(878, 9, 78, '2013-05-18', 100, 'N', '0000-00-00'),
(879, 9, 79, '2013-05-19', 100, 'N', '0000-00-00'),
(880, 9, 80, '2013-05-20', 100, 'N', '0000-00-00'),
(881, 9, 81, '2013-05-21', 100, 'N', '0000-00-00'),
(882, 9, 82, '2013-05-22', 100, 'N', '0000-00-00'),
(883, 9, 83, '2013-05-23', 100, 'N', '0000-00-00'),
(884, 9, 84, '2013-05-24', 100, 'N', '0000-00-00'),
(885, 9, 85, '2013-05-25', 100, 'N', '0000-00-00'),
(886, 9, 86, '2013-05-26', 100, 'N', '0000-00-00'),
(887, 9, 87, '2013-05-27', 100, 'N', '0000-00-00'),
(888, 9, 88, '2013-05-28', 100, 'N', '0000-00-00'),
(889, 9, 89, '2013-05-29', 100, 'N', '0000-00-00'),
(890, 9, 90, '2013-05-30', 100, 'N', '0000-00-00'),
(891, 9, 91, '2013-05-31', 100, 'N', '0000-00-00'),
(892, 9, 92, '2013-06-01', 100, 'N', '0000-00-00'),
(893, 9, 93, '2013-06-02', 100, 'N', '0000-00-00'),
(894, 9, 94, '2013-06-03', 100, 'N', '0000-00-00'),
(895, 9, 95, '2013-06-04', 100, 'N', '0000-00-00'),
(896, 9, 96, '2013-06-05', 100, 'N', '0000-00-00'),
(897, 9, 97, '2013-06-06', 100, 'N', '0000-00-00'),
(898, 9, 98, '2013-06-07', 100, 'N', '0000-00-00'),
(899, 9, 99, '2013-06-08', 100, 'N', '0000-00-00'),
(900, 9, 100, '2013-06-09', 100, 'N', '0000-00-00'),
(901, 10, 1, '2013-03-01', 50, 'Y', '2013-03-01'),
(902, 10, 2, '2013-03-02', 50, 'Y', '2013-03-01'),
(903, 10, 3, '2013-03-03', 50, 'Y', '2013-03-01'),
(904, 10, 4, '2013-03-04', 50, 'Y', '2013-03-01'),
(905, 10, 5, '2013-03-05', 50, 'Y', '2013-03-01'),
(906, 10, 6, '2013-03-06', 50, 'Y', '2013-03-01'),
(907, 10, 7, '2013-03-07', 50, 'Y', '2013-03-01'),
(908, 10, 8, '2013-03-08', 50, 'Y', '2013-03-01'),
(909, 10, 9, '2013-03-09', 50, 'Y', '2013-03-01'),
(910, 10, 10, '2013-03-10', 50, 'Y', '2013-03-01'),
(911, 10, 11, '2013-03-11', 50, 'Y', '2013-03-01'),
(912, 10, 12, '2013-03-12', 50, 'N', '0000-00-00'),
(913, 10, 13, '2013-03-13', 50, 'N', '0000-00-00'),
(914, 10, 14, '2013-03-14', 50, 'N', '0000-00-00'),
(915, 10, 15, '2013-03-15', 50, 'N', '0000-00-00'),
(916, 10, 16, '2013-03-16', 50, 'N', '0000-00-00'),
(917, 10, 17, '2013-03-17', 50, 'N', '0000-00-00'),
(918, 10, 18, '2013-03-18', 50, 'N', '0000-00-00'),
(919, 10, 19, '2013-03-19', 50, 'N', '0000-00-00'),
(920, 10, 20, '2013-03-20', 50, 'N', '0000-00-00'),
(921, 10, 21, '2013-03-21', 50, 'N', '0000-00-00'),
(922, 10, 22, '2013-03-22', 50, 'N', '0000-00-00'),
(923, 10, 23, '2013-03-23', 50, 'N', '0000-00-00'),
(924, 10, 24, '2013-03-24', 50, 'N', '0000-00-00'),
(925, 10, 25, '2013-03-25', 50, 'N', '0000-00-00'),
(926, 10, 26, '2013-03-26', 50, 'N', '0000-00-00'),
(927, 10, 27, '2013-03-27', 50, 'N', '0000-00-00'),
(928, 10, 28, '2013-03-28', 50, 'N', '0000-00-00'),
(929, 10, 29, '2013-03-29', 50, 'N', '0000-00-00'),
(930, 10, 30, '2013-03-30', 50, 'N', '0000-00-00'),
(931, 10, 31, '2013-03-31', 50, 'N', '0000-00-00'),
(932, 10, 32, '2013-04-01', 50, 'N', '0000-00-00'),
(933, 10, 33, '2013-04-02', 50, 'N', '0000-00-00'),
(934, 10, 34, '2013-04-03', 50, 'N', '0000-00-00'),
(935, 10, 35, '2013-04-04', 50, 'N', '0000-00-00'),
(936, 10, 36, '2013-04-05', 50, 'N', '0000-00-00'),
(937, 10, 37, '2013-04-06', 50, 'N', '0000-00-00'),
(938, 10, 38, '2013-04-07', 50, 'N', '0000-00-00'),
(939, 10, 39, '2013-04-08', 50, 'N', '0000-00-00'),
(940, 10, 40, '2013-04-09', 50, 'N', '0000-00-00'),
(941, 10, 41, '2013-04-10', 50, 'N', '0000-00-00'),
(942, 10, 42, '2013-04-11', 50, 'N', '0000-00-00'),
(943, 10, 43, '2013-04-12', 50, 'N', '0000-00-00'),
(944, 10, 44, '2013-04-13', 50, 'N', '0000-00-00'),
(945, 10, 45, '2013-04-14', 50, 'N', '0000-00-00'),
(946, 10, 46, '2013-04-15', 50, 'N', '0000-00-00'),
(947, 10, 47, '2013-04-16', 50, 'N', '0000-00-00'),
(948, 10, 48, '2013-04-17', 50, 'N', '0000-00-00'),
(949, 10, 49, '2013-04-18', 50, 'N', '0000-00-00'),
(950, 10, 50, '2013-04-19', 50, 'N', '0000-00-00'),
(951, 10, 51, '2013-04-20', 50, 'N', '0000-00-00'),
(952, 10, 52, '2013-04-21', 50, 'N', '0000-00-00'),
(953, 10, 53, '2013-04-22', 50, 'N', '0000-00-00'),
(954, 10, 54, '2013-04-23', 50, 'N', '0000-00-00'),
(955, 10, 55, '2013-04-24', 50, 'N', '0000-00-00'),
(956, 10, 56, '2013-04-25', 50, 'N', '0000-00-00'),
(957, 10, 57, '2013-04-26', 50, 'N', '0000-00-00'),
(958, 10, 58, '2013-04-27', 50, 'N', '0000-00-00'),
(959, 10, 59, '2013-04-28', 50, 'N', '0000-00-00'),
(960, 10, 60, '2013-04-29', 50, 'N', '0000-00-00'),
(961, 10, 61, '2013-04-30', 50, 'N', '0000-00-00'),
(962, 10, 62, '2013-05-01', 50, 'N', '0000-00-00'),
(963, 10, 63, '2013-05-02', 50, 'N', '0000-00-00'),
(964, 10, 64, '2013-05-03', 50, 'N', '0000-00-00'),
(965, 10, 65, '2013-05-04', 50, 'N', '0000-00-00'),
(966, 10, 66, '2013-05-05', 50, 'N', '0000-00-00'),
(967, 10, 67, '2013-05-06', 50, 'N', '0000-00-00'),
(968, 10, 68, '2013-05-07', 50, 'N', '0000-00-00'),
(969, 10, 69, '2013-05-08', 50, 'N', '0000-00-00'),
(970, 10, 70, '2013-05-09', 50, 'N', '0000-00-00'),
(971, 10, 71, '2013-05-10', 50, 'N', '0000-00-00'),
(972, 10, 72, '2013-05-11', 50, 'N', '0000-00-00'),
(973, 10, 73, '2013-05-12', 50, 'N', '0000-00-00'),
(974, 10, 74, '2013-05-13', 50, 'N', '0000-00-00'),
(975, 10, 75, '2013-05-14', 50, 'N', '0000-00-00'),
(976, 10, 76, '2013-05-15', 50, 'N', '0000-00-00'),
(977, 10, 77, '2013-05-16', 50, 'N', '0000-00-00'),
(978, 10, 78, '2013-05-17', 50, 'N', '0000-00-00'),
(979, 10, 79, '2013-05-18', 50, 'N', '0000-00-00'),
(980, 10, 80, '2013-05-19', 50, 'N', '0000-00-00'),
(981, 10, 81, '2013-05-20', 50, 'N', '0000-00-00'),
(982, 10, 82, '2013-05-21', 50, 'N', '0000-00-00'),
(983, 10, 83, '2013-05-22', 50, 'N', '0000-00-00'),
(984, 10, 84, '2013-05-23', 50, 'N', '0000-00-00'),
(985, 10, 85, '2013-05-24', 50, 'N', '0000-00-00'),
(986, 10, 86, '2013-05-25', 50, 'N', '0000-00-00'),
(987, 10, 87, '2013-05-26', 50, 'N', '0000-00-00'),
(988, 10, 88, '2013-05-27', 50, 'N', '0000-00-00'),
(989, 10, 89, '2013-05-28', 50, 'N', '0000-00-00'),
(990, 10, 90, '2013-05-29', 50, 'N', '0000-00-00'),
(991, 10, 91, '2013-05-30', 50, 'N', '0000-00-00'),
(992, 10, 92, '2013-05-31', 50, 'N', '0000-00-00'),
(993, 10, 93, '2013-06-01', 50, 'N', '0000-00-00'),
(994, 10, 94, '2013-06-02', 50, 'N', '0000-00-00'),
(995, 10, 95, '2013-06-03', 50, 'N', '0000-00-00'),
(996, 10, 96, '2013-06-04', 50, 'N', '0000-00-00'),
(997, 10, 97, '2013-06-05', 50, 'N', '0000-00-00'),
(998, 10, 98, '2013-06-06', 50, 'N', '0000-00-00'),
(999, 10, 99, '2013-06-07', 50, 'N', '0000-00-00'),
(1000, 10, 100, '2013-06-08', 50, 'N', '0000-00-00');
INSERT INTO `installment` (`installmentId`, `loanId`, `installmentNo`, `installmentDate`, `installmentAmount`, `isReceived`, `receiveDate`) VALUES
(1001, 11, 1, '2013-03-01', 200, 'Y', '2013-03-01'),
(1002, 11, 2, '2013-03-02', 200, 'Y', '2013-03-01'),
(1003, 11, 3, '2013-03-03', 200, 'Y', '2013-03-01'),
(1004, 11, 4, '2013-03-04', 200, 'Y', '2013-03-01'),
(1005, 11, 5, '2013-03-05', 200, 'Y', '2013-03-01'),
(1006, 11, 6, '2013-03-06', 200, 'N', '0000-00-00'),
(1007, 11, 7, '2013-03-07', 200, 'N', '0000-00-00'),
(1008, 11, 8, '2013-03-08', 200, 'N', '0000-00-00'),
(1009, 11, 9, '2013-03-09', 200, 'N', '0000-00-00'),
(1010, 11, 10, '2013-03-10', 200, 'N', '0000-00-00'),
(1011, 11, 11, '2013-03-11', 200, 'N', '0000-00-00'),
(1012, 11, 12, '2013-03-12', 200, 'N', '0000-00-00'),
(1013, 11, 13, '2013-03-13', 200, 'N', '0000-00-00'),
(1014, 11, 14, '2013-03-14', 200, 'N', '0000-00-00'),
(1015, 11, 15, '2013-03-15', 200, 'N', '0000-00-00'),
(1016, 11, 16, '2013-03-16', 200, 'N', '0000-00-00'),
(1017, 11, 17, '2013-03-17', 200, 'N', '0000-00-00'),
(1018, 11, 18, '2013-03-18', 200, 'N', '0000-00-00'),
(1019, 11, 19, '2013-03-19', 200, 'N', '0000-00-00'),
(1020, 11, 20, '2013-03-20', 200, 'N', '0000-00-00'),
(1021, 11, 21, '2013-03-21', 200, 'N', '0000-00-00'),
(1022, 11, 22, '2013-03-22', 200, 'N', '0000-00-00'),
(1023, 11, 23, '2013-03-23', 200, 'N', '0000-00-00'),
(1024, 11, 24, '2013-03-24', 200, 'N', '0000-00-00'),
(1025, 11, 25, '2013-03-25', 200, 'N', '0000-00-00'),
(1026, 11, 26, '2013-03-26', 200, 'N', '0000-00-00'),
(1027, 11, 27, '2013-03-27', 200, 'N', '0000-00-00'),
(1028, 11, 28, '2013-03-28', 200, 'N', '0000-00-00'),
(1029, 11, 29, '2013-03-29', 200, 'N', '0000-00-00'),
(1030, 11, 30, '2013-03-30', 200, 'N', '0000-00-00'),
(1031, 11, 31, '2013-03-31', 200, 'N', '0000-00-00'),
(1032, 11, 32, '2013-04-01', 200, 'N', '0000-00-00'),
(1033, 11, 33, '2013-04-02', 200, 'N', '0000-00-00'),
(1034, 11, 34, '2013-04-03', 200, 'N', '0000-00-00'),
(1035, 11, 35, '2013-04-04', 200, 'N', '0000-00-00'),
(1036, 11, 36, '2013-04-05', 200, 'N', '0000-00-00'),
(1037, 11, 37, '2013-04-06', 200, 'N', '0000-00-00'),
(1038, 11, 38, '2013-04-07', 200, 'N', '0000-00-00'),
(1039, 11, 39, '2013-04-08', 200, 'N', '0000-00-00'),
(1040, 11, 40, '2013-04-09', 200, 'N', '0000-00-00'),
(1041, 11, 41, '2013-04-10', 200, 'N', '0000-00-00'),
(1042, 11, 42, '2013-04-11', 200, 'N', '0000-00-00'),
(1043, 11, 43, '2013-04-12', 200, 'N', '0000-00-00'),
(1044, 11, 44, '2013-04-13', 200, 'N', '0000-00-00'),
(1045, 11, 45, '2013-04-14', 200, 'N', '0000-00-00'),
(1046, 11, 46, '2013-04-15', 200, 'N', '0000-00-00'),
(1047, 11, 47, '2013-04-16', 200, 'N', '0000-00-00'),
(1048, 11, 48, '2013-04-17', 200, 'N', '0000-00-00'),
(1049, 11, 49, '2013-04-18', 200, 'N', '0000-00-00'),
(1050, 11, 50, '2013-04-19', 200, 'N', '0000-00-00'),
(1051, 11, 51, '2013-04-20', 200, 'N', '0000-00-00'),
(1052, 11, 52, '2013-04-21', 200, 'N', '0000-00-00'),
(1053, 11, 53, '2013-04-22', 200, 'N', '0000-00-00'),
(1054, 11, 54, '2013-04-23', 200, 'N', '0000-00-00'),
(1055, 11, 55, '2013-04-24', 200, 'N', '0000-00-00'),
(1056, 11, 56, '2013-04-25', 200, 'N', '0000-00-00'),
(1057, 11, 57, '2013-04-26', 200, 'N', '0000-00-00'),
(1058, 11, 58, '2013-04-27', 200, 'N', '0000-00-00'),
(1059, 11, 59, '2013-04-28', 200, 'N', '0000-00-00'),
(1060, 11, 60, '2013-04-29', 200, 'N', '0000-00-00'),
(1061, 11, 61, '2013-04-30', 200, 'N', '0000-00-00'),
(1062, 11, 62, '2013-05-01', 200, 'N', '0000-00-00'),
(1063, 11, 63, '2013-05-02', 200, 'N', '0000-00-00'),
(1064, 11, 64, '2013-05-03', 200, 'N', '0000-00-00'),
(1065, 11, 65, '2013-05-04', 200, 'N', '0000-00-00'),
(1066, 11, 66, '2013-05-05', 200, 'N', '0000-00-00'),
(1067, 11, 67, '2013-05-06', 200, 'N', '0000-00-00'),
(1068, 11, 68, '2013-05-07', 200, 'N', '0000-00-00'),
(1069, 11, 69, '2013-05-08', 200, 'N', '0000-00-00'),
(1070, 11, 70, '2013-05-09', 200, 'N', '0000-00-00'),
(1071, 11, 71, '2013-05-10', 200, 'N', '0000-00-00'),
(1072, 11, 72, '2013-05-11', 200, 'N', '0000-00-00'),
(1073, 11, 73, '2013-05-12', 200, 'N', '0000-00-00'),
(1074, 11, 74, '2013-05-13', 200, 'N', '0000-00-00'),
(1075, 11, 75, '2013-05-14', 200, 'N', '0000-00-00'),
(1076, 11, 76, '2013-05-15', 200, 'N', '0000-00-00'),
(1077, 11, 77, '2013-05-16', 200, 'N', '0000-00-00'),
(1078, 11, 78, '2013-05-17', 200, 'N', '0000-00-00'),
(1079, 11, 79, '2013-05-18', 200, 'N', '0000-00-00'),
(1080, 11, 80, '2013-05-19', 200, 'N', '0000-00-00'),
(1081, 11, 81, '2013-05-20', 200, 'N', '0000-00-00'),
(1082, 11, 82, '2013-05-21', 200, 'N', '0000-00-00'),
(1083, 11, 83, '2013-05-22', 200, 'N', '0000-00-00'),
(1084, 11, 84, '2013-05-23', 200, 'N', '0000-00-00'),
(1085, 11, 85, '2013-05-24', 200, 'N', '0000-00-00'),
(1086, 11, 86, '2013-05-25', 200, 'N', '0000-00-00'),
(1087, 11, 87, '2013-05-26', 200, 'N', '0000-00-00'),
(1088, 11, 88, '2013-05-27', 200, 'N', '0000-00-00'),
(1089, 11, 89, '2013-05-28', 200, 'N', '0000-00-00'),
(1090, 11, 90, '2013-05-29', 200, 'N', '0000-00-00'),
(1091, 11, 91, '2013-05-30', 200, 'N', '0000-00-00'),
(1092, 11, 92, '2013-05-31', 200, 'N', '0000-00-00'),
(1093, 11, 93, '2013-06-01', 200, 'N', '0000-00-00'),
(1094, 11, 94, '2013-06-02', 200, 'N', '0000-00-00'),
(1095, 11, 95, '2013-06-03', 200, 'N', '0000-00-00'),
(1096, 11, 96, '2013-06-04', 200, 'N', '0000-00-00'),
(1097, 11, 97, '2013-06-05', 200, 'N', '0000-00-00'),
(1098, 11, 98, '2013-06-06', 200, 'N', '0000-00-00'),
(1099, 11, 99, '2013-06-07', 200, 'N', '0000-00-00'),
(1100, 11, 100, '2013-06-08', 200, 'N', '0000-00-00'),
(1101, 12, 1, '2013-03-01', 200, 'Y', '2013-03-01'),
(1102, 12, 2, '2013-03-02', 200, 'Y', '2013-03-01'),
(1103, 12, 3, '2013-03-03', 200, 'Y', '2013-03-01'),
(1104, 12, 4, '2013-03-04', 200, 'Y', '2013-03-01'),
(1105, 12, 5, '2013-03-05', 200, 'Y', '2013-03-01'),
(1106, 12, 6, '2013-03-06', 200, 'N', '0000-00-00'),
(1107, 12, 7, '2013-03-07', 200, 'N', '0000-00-00'),
(1108, 12, 8, '2013-03-08', 200, 'N', '0000-00-00'),
(1109, 12, 9, '2013-03-09', 200, 'N', '0000-00-00'),
(1110, 12, 10, '2013-03-10', 200, 'N', '0000-00-00'),
(1111, 12, 11, '2013-03-11', 200, 'N', '0000-00-00'),
(1112, 12, 12, '2013-03-12', 200, 'N', '0000-00-00'),
(1113, 12, 13, '2013-03-13', 200, 'N', '0000-00-00'),
(1114, 12, 14, '2013-03-14', 200, 'N', '0000-00-00'),
(1115, 12, 15, '2013-03-15', 200, 'N', '0000-00-00'),
(1116, 12, 16, '2013-03-16', 200, 'N', '0000-00-00'),
(1117, 12, 17, '2013-03-17', 200, 'N', '0000-00-00'),
(1118, 12, 18, '2013-03-18', 200, 'N', '0000-00-00'),
(1119, 12, 19, '2013-03-19', 200, 'N', '0000-00-00'),
(1120, 12, 20, '2013-03-20', 200, 'N', '0000-00-00'),
(1121, 12, 21, '2013-03-21', 200, 'N', '0000-00-00'),
(1122, 12, 22, '2013-03-22', 200, 'N', '0000-00-00'),
(1123, 12, 23, '2013-03-23', 200, 'N', '0000-00-00'),
(1124, 12, 24, '2013-03-24', 200, 'N', '0000-00-00'),
(1125, 12, 25, '2013-03-25', 200, 'N', '0000-00-00'),
(1126, 12, 26, '2013-03-26', 200, 'N', '0000-00-00'),
(1127, 12, 27, '2013-03-27', 200, 'N', '0000-00-00'),
(1128, 12, 28, '2013-03-28', 200, 'N', '0000-00-00'),
(1129, 12, 29, '2013-03-29', 200, 'N', '0000-00-00'),
(1130, 12, 30, '2013-03-30', 200, 'N', '0000-00-00'),
(1131, 12, 31, '2013-03-31', 200, 'N', '0000-00-00'),
(1132, 12, 32, '2013-04-01', 200, 'N', '0000-00-00'),
(1133, 12, 33, '2013-04-02', 200, 'N', '0000-00-00'),
(1134, 12, 34, '2013-04-03', 200, 'N', '0000-00-00'),
(1135, 12, 35, '2013-04-04', 200, 'N', '0000-00-00'),
(1136, 12, 36, '2013-04-05', 200, 'N', '0000-00-00'),
(1137, 12, 37, '2013-04-06', 200, 'N', '0000-00-00'),
(1138, 12, 38, '2013-04-07', 200, 'N', '0000-00-00'),
(1139, 12, 39, '2013-04-08', 200, 'N', '0000-00-00'),
(1140, 12, 40, '2013-04-09', 200, 'N', '0000-00-00'),
(1141, 12, 41, '2013-04-10', 200, 'N', '0000-00-00'),
(1142, 12, 42, '2013-04-11', 200, 'N', '0000-00-00'),
(1143, 12, 43, '2013-04-12', 200, 'N', '0000-00-00'),
(1144, 12, 44, '2013-04-13', 200, 'N', '0000-00-00'),
(1145, 12, 45, '2013-04-14', 200, 'N', '0000-00-00'),
(1146, 12, 46, '2013-04-15', 200, 'N', '0000-00-00'),
(1147, 12, 47, '2013-04-16', 200, 'N', '0000-00-00'),
(1148, 12, 48, '2013-04-17', 200, 'N', '0000-00-00'),
(1149, 12, 49, '2013-04-18', 200, 'N', '0000-00-00'),
(1150, 12, 50, '2013-04-19', 200, 'N', '0000-00-00'),
(1151, 12, 51, '2013-04-20', 200, 'N', '0000-00-00'),
(1152, 12, 52, '2013-04-21', 200, 'N', '0000-00-00'),
(1153, 12, 53, '2013-04-22', 200, 'N', '0000-00-00'),
(1154, 12, 54, '2013-04-23', 200, 'N', '0000-00-00'),
(1155, 12, 55, '2013-04-24', 200, 'N', '0000-00-00'),
(1156, 12, 56, '2013-04-25', 200, 'N', '0000-00-00'),
(1157, 12, 57, '2013-04-26', 200, 'N', '0000-00-00'),
(1158, 12, 58, '2013-04-27', 200, 'N', '0000-00-00'),
(1159, 12, 59, '2013-04-28', 200, 'N', '0000-00-00'),
(1160, 12, 60, '2013-04-29', 200, 'N', '0000-00-00'),
(1161, 12, 61, '2013-04-30', 200, 'N', '0000-00-00'),
(1162, 12, 62, '2013-05-01', 200, 'N', '0000-00-00'),
(1163, 12, 63, '2013-05-02', 200, 'N', '0000-00-00'),
(1164, 12, 64, '2013-05-03', 200, 'N', '0000-00-00'),
(1165, 12, 65, '2013-05-04', 200, 'N', '0000-00-00'),
(1166, 12, 66, '2013-05-05', 200, 'N', '0000-00-00'),
(1167, 12, 67, '2013-05-06', 200, 'N', '0000-00-00'),
(1168, 12, 68, '2013-05-07', 200, 'N', '0000-00-00'),
(1169, 12, 69, '2013-05-08', 200, 'N', '0000-00-00'),
(1170, 12, 70, '2013-05-09', 200, 'N', '0000-00-00'),
(1171, 12, 71, '2013-05-10', 200, 'N', '0000-00-00'),
(1172, 12, 72, '2013-05-11', 200, 'N', '0000-00-00'),
(1173, 12, 73, '2013-05-12', 200, 'N', '0000-00-00'),
(1174, 12, 74, '2013-05-13', 200, 'N', '0000-00-00'),
(1175, 12, 75, '2013-05-14', 200, 'N', '0000-00-00'),
(1176, 12, 76, '2013-05-15', 200, 'N', '0000-00-00'),
(1177, 12, 77, '2013-05-16', 200, 'N', '0000-00-00'),
(1178, 12, 78, '2013-05-17', 200, 'N', '0000-00-00'),
(1179, 12, 79, '2013-05-18', 200, 'N', '0000-00-00'),
(1180, 12, 80, '2013-05-19', 200, 'N', '0000-00-00'),
(1181, 12, 81, '2013-05-20', 200, 'N', '0000-00-00'),
(1182, 12, 82, '2013-05-21', 200, 'N', '0000-00-00'),
(1183, 12, 83, '2013-05-22', 200, 'N', '0000-00-00'),
(1184, 12, 84, '2013-05-23', 200, 'N', '0000-00-00'),
(1185, 12, 85, '2013-05-24', 200, 'N', '0000-00-00'),
(1186, 12, 86, '2013-05-25', 200, 'N', '0000-00-00'),
(1187, 12, 87, '2013-05-26', 200, 'N', '0000-00-00'),
(1188, 12, 88, '2013-05-27', 200, 'N', '0000-00-00'),
(1189, 12, 89, '2013-05-28', 200, 'N', '0000-00-00'),
(1190, 12, 90, '2013-05-29', 200, 'N', '0000-00-00'),
(1191, 12, 91, '2013-05-30', 200, 'N', '0000-00-00'),
(1192, 12, 92, '2013-05-31', 200, 'N', '0000-00-00'),
(1193, 12, 93, '2013-06-01', 200, 'N', '0000-00-00'),
(1194, 12, 94, '2013-06-02', 200, 'N', '0000-00-00'),
(1195, 12, 95, '2013-06-03', 200, 'N', '0000-00-00'),
(1196, 12, 96, '2013-06-04', 200, 'N', '0000-00-00'),
(1197, 12, 97, '2013-06-05', 200, 'N', '0000-00-00'),
(1198, 12, 98, '2013-06-06', 200, 'N', '0000-00-00'),
(1199, 12, 99, '2013-06-07', 200, 'N', '0000-00-00'),
(1200, 12, 100, '2013-06-08', 200, 'N', '0000-00-00'),
(1201, 13, 1, '2013-03-01', 100, 'Y', '2013-03-01'),
(1202, 13, 2, '2013-03-02', 100, 'Y', '2013-03-01'),
(1203, 13, 3, '2013-03-03', 100, 'N', '0000-00-00'),
(1204, 13, 4, '2013-03-04', 100, 'N', '0000-00-00'),
(1205, 13, 5, '2013-03-05', 100, 'N', '0000-00-00'),
(1206, 13, 6, '2013-03-06', 100, 'N', '0000-00-00'),
(1207, 13, 7, '2013-03-07', 100, 'N', '0000-00-00'),
(1208, 13, 8, '2013-03-08', 100, 'N', '0000-00-00'),
(1209, 13, 9, '2013-03-09', 100, 'N', '0000-00-00'),
(1210, 13, 10, '2013-03-10', 100, 'N', '0000-00-00'),
(1211, 13, 11, '2013-03-11', 100, 'N', '0000-00-00'),
(1212, 13, 12, '2013-03-12', 100, 'N', '0000-00-00'),
(1213, 13, 13, '2013-03-13', 100, 'N', '0000-00-00'),
(1214, 13, 14, '2013-03-14', 100, 'N', '0000-00-00'),
(1215, 13, 15, '2013-03-15', 100, 'N', '0000-00-00'),
(1216, 13, 16, '2013-03-16', 100, 'N', '0000-00-00'),
(1217, 13, 17, '2013-03-17', 100, 'N', '0000-00-00'),
(1218, 13, 18, '2013-03-18', 100, 'N', '0000-00-00'),
(1219, 13, 19, '2013-03-19', 100, 'N', '0000-00-00'),
(1220, 13, 20, '2013-03-20', 100, 'N', '0000-00-00'),
(1221, 13, 21, '2013-03-21', 100, 'N', '0000-00-00'),
(1222, 13, 22, '2013-03-22', 100, 'N', '0000-00-00'),
(1223, 13, 23, '2013-03-23', 100, 'N', '0000-00-00'),
(1224, 13, 24, '2013-03-24', 100, 'N', '0000-00-00'),
(1225, 13, 25, '2013-03-25', 100, 'N', '0000-00-00'),
(1226, 13, 26, '2013-03-26', 100, 'N', '0000-00-00'),
(1227, 13, 27, '2013-03-27', 100, 'N', '0000-00-00'),
(1228, 13, 28, '2013-03-28', 100, 'N', '0000-00-00'),
(1229, 13, 29, '2013-03-29', 100, 'N', '0000-00-00'),
(1230, 13, 30, '2013-03-30', 100, 'N', '0000-00-00'),
(1231, 13, 31, '2013-03-31', 100, 'N', '0000-00-00'),
(1232, 13, 32, '2013-04-01', 100, 'N', '0000-00-00'),
(1233, 13, 33, '2013-04-02', 100, 'N', '0000-00-00'),
(1234, 13, 34, '2013-04-03', 100, 'N', '0000-00-00'),
(1235, 13, 35, '2013-04-04', 100, 'N', '0000-00-00'),
(1236, 13, 36, '2013-04-05', 100, 'N', '0000-00-00'),
(1237, 13, 37, '2013-04-06', 100, 'N', '0000-00-00'),
(1238, 13, 38, '2013-04-07', 100, 'N', '0000-00-00'),
(1239, 13, 39, '2013-04-08', 100, 'N', '0000-00-00'),
(1240, 13, 40, '2013-04-09', 100, 'N', '0000-00-00'),
(1241, 13, 41, '2013-04-10', 100, 'N', '0000-00-00'),
(1242, 13, 42, '2013-04-11', 100, 'N', '0000-00-00'),
(1243, 13, 43, '2013-04-12', 100, 'N', '0000-00-00'),
(1244, 13, 44, '2013-04-13', 100, 'N', '0000-00-00'),
(1245, 13, 45, '2013-04-14', 100, 'N', '0000-00-00'),
(1246, 13, 46, '2013-04-15', 100, 'N', '0000-00-00'),
(1247, 13, 47, '2013-04-16', 100, 'N', '0000-00-00'),
(1248, 13, 48, '2013-04-17', 100, 'N', '0000-00-00'),
(1249, 13, 49, '2013-04-18', 100, 'N', '0000-00-00'),
(1250, 13, 50, '2013-04-19', 100, 'N', '0000-00-00'),
(1251, 13, 51, '2013-04-20', 100, 'N', '0000-00-00'),
(1252, 13, 52, '2013-04-21', 100, 'N', '0000-00-00'),
(1253, 13, 53, '2013-04-22', 100, 'N', '0000-00-00'),
(1254, 13, 54, '2013-04-23', 100, 'N', '0000-00-00'),
(1255, 13, 55, '2013-04-24', 100, 'N', '0000-00-00'),
(1256, 13, 56, '2013-04-25', 100, 'N', '0000-00-00'),
(1257, 13, 57, '2013-04-26', 100, 'N', '0000-00-00'),
(1258, 13, 58, '2013-04-27', 100, 'N', '0000-00-00'),
(1259, 13, 59, '2013-04-28', 100, 'N', '0000-00-00'),
(1260, 13, 60, '2013-04-29', 100, 'N', '0000-00-00'),
(1261, 13, 61, '2013-04-30', 100, 'N', '0000-00-00'),
(1262, 13, 62, '2013-05-01', 100, 'N', '0000-00-00'),
(1263, 13, 63, '2013-05-02', 100, 'N', '0000-00-00'),
(1264, 13, 64, '2013-05-03', 100, 'N', '0000-00-00'),
(1265, 13, 65, '2013-05-04', 100, 'N', '0000-00-00'),
(1266, 13, 66, '2013-05-05', 100, 'N', '0000-00-00'),
(1267, 13, 67, '2013-05-06', 100, 'N', '0000-00-00'),
(1268, 13, 68, '2013-05-07', 100, 'N', '0000-00-00'),
(1269, 13, 69, '2013-05-08', 100, 'N', '0000-00-00'),
(1270, 13, 70, '2013-05-09', 100, 'N', '0000-00-00'),
(1271, 13, 71, '2013-05-10', 100, 'N', '0000-00-00'),
(1272, 13, 72, '2013-05-11', 100, 'N', '0000-00-00'),
(1273, 13, 73, '2013-05-12', 100, 'N', '0000-00-00'),
(1274, 13, 74, '2013-05-13', 100, 'N', '0000-00-00'),
(1275, 13, 75, '2013-05-14', 100, 'N', '0000-00-00'),
(1276, 13, 76, '2013-05-15', 100, 'N', '0000-00-00'),
(1277, 13, 77, '2013-05-16', 100, 'N', '0000-00-00'),
(1278, 13, 78, '2013-05-17', 100, 'N', '0000-00-00'),
(1279, 13, 79, '2013-05-18', 100, 'N', '0000-00-00'),
(1280, 13, 80, '2013-05-19', 100, 'N', '0000-00-00'),
(1281, 13, 81, '2013-05-20', 100, 'N', '0000-00-00'),
(1282, 13, 82, '2013-05-21', 100, 'N', '0000-00-00'),
(1283, 13, 83, '2013-05-22', 100, 'N', '0000-00-00'),
(1284, 13, 84, '2013-05-23', 100, 'N', '0000-00-00'),
(1285, 13, 85, '2013-05-24', 100, 'N', '0000-00-00'),
(1286, 13, 86, '2013-05-25', 100, 'N', '0000-00-00'),
(1287, 13, 87, '2013-05-26', 100, 'N', '0000-00-00'),
(1288, 13, 88, '2013-05-27', 100, 'N', '0000-00-00'),
(1289, 13, 89, '2013-05-28', 100, 'N', '0000-00-00'),
(1290, 13, 90, '2013-05-29', 100, 'N', '0000-00-00'),
(1291, 13, 91, '2013-05-30', 100, 'N', '0000-00-00'),
(1292, 13, 92, '2013-05-31', 100, 'N', '0000-00-00'),
(1293, 13, 93, '2013-06-01', 100, 'N', '0000-00-00'),
(1294, 13, 94, '2013-06-02', 100, 'N', '0000-00-00'),
(1295, 13, 95, '2013-06-03', 100, 'N', '0000-00-00'),
(1296, 13, 96, '2013-06-04', 100, 'N', '0000-00-00'),
(1297, 13, 97, '2013-06-05', 100, 'N', '0000-00-00'),
(1298, 13, 98, '2013-06-06', 100, 'N', '0000-00-00'),
(1299, 13, 99, '2013-06-07', 100, 'N', '0000-00-00'),
(1300, 13, 100, '2013-06-08', 100, 'N', '0000-00-00'),
(1301, 14, 1, '2013-03-02', 300, 'Y', '2013-03-02'),
(1302, 14, 2, '2013-03-03', 300, 'Y', '2013-03-02'),
(1303, 14, 3, '2013-03-04', 300, 'Y', '2013-03-02'),
(1304, 14, 4, '2013-03-05', 300, 'N', '0000-00-00'),
(1305, 14, 5, '2013-03-06', 300, 'N', '0000-00-00'),
(1306, 14, 6, '2013-03-07', 300, 'N', '0000-00-00'),
(1307, 14, 7, '2013-03-08', 300, 'N', '0000-00-00'),
(1308, 14, 8, '2013-03-09', 300, 'N', '0000-00-00'),
(1309, 14, 9, '2013-03-10', 300, 'N', '0000-00-00'),
(1310, 14, 10, '2013-03-11', 300, 'N', '0000-00-00'),
(1311, 14, 11, '2013-03-12', 300, 'N', '0000-00-00'),
(1312, 14, 12, '2013-03-13', 300, 'N', '0000-00-00'),
(1313, 14, 13, '2013-03-14', 300, 'N', '0000-00-00'),
(1314, 14, 14, '2013-03-15', 300, 'N', '0000-00-00'),
(1315, 14, 15, '2013-03-16', 300, 'N', '0000-00-00'),
(1316, 14, 16, '2013-03-17', 300, 'N', '0000-00-00'),
(1317, 14, 17, '2013-03-18', 300, 'N', '0000-00-00'),
(1318, 14, 18, '2013-03-19', 300, 'N', '0000-00-00'),
(1319, 14, 19, '2013-03-20', 300, 'N', '0000-00-00'),
(1320, 14, 20, '2013-03-21', 300, 'N', '0000-00-00'),
(1321, 14, 21, '2013-03-22', 300, 'N', '0000-00-00'),
(1322, 14, 22, '2013-03-23', 300, 'N', '0000-00-00'),
(1323, 14, 23, '2013-03-24', 300, 'N', '0000-00-00'),
(1324, 14, 24, '2013-03-25', 300, 'N', '0000-00-00'),
(1325, 14, 25, '2013-03-26', 300, 'N', '0000-00-00'),
(1326, 14, 26, '2013-03-27', 300, 'N', '0000-00-00'),
(1327, 14, 27, '2013-03-28', 300, 'N', '0000-00-00'),
(1328, 14, 28, '2013-03-29', 300, 'N', '0000-00-00'),
(1329, 14, 29, '2013-03-30', 300, 'N', '0000-00-00'),
(1330, 14, 30, '2013-03-31', 300, 'N', '0000-00-00'),
(1331, 14, 31, '2013-04-01', 300, 'N', '0000-00-00'),
(1332, 14, 32, '2013-04-02', 300, 'N', '0000-00-00'),
(1333, 14, 33, '2013-04-03', 300, 'N', '0000-00-00'),
(1334, 14, 34, '2013-04-04', 300, 'N', '0000-00-00'),
(1335, 14, 35, '2013-04-05', 300, 'N', '0000-00-00'),
(1336, 14, 36, '2013-04-06', 300, 'N', '0000-00-00'),
(1337, 14, 37, '2013-04-07', 300, 'N', '0000-00-00'),
(1338, 14, 38, '2013-04-08', 300, 'N', '0000-00-00'),
(1339, 14, 39, '2013-04-09', 300, 'N', '0000-00-00'),
(1340, 14, 40, '2013-04-10', 300, 'N', '0000-00-00'),
(1341, 14, 41, '2013-04-11', 300, 'N', '0000-00-00'),
(1342, 14, 42, '2013-04-12', 300, 'N', '0000-00-00'),
(1343, 14, 43, '2013-04-13', 300, 'N', '0000-00-00'),
(1344, 14, 44, '2013-04-14', 300, 'N', '0000-00-00'),
(1345, 14, 45, '2013-04-15', 300, 'N', '0000-00-00'),
(1346, 14, 46, '2013-04-16', 300, 'N', '0000-00-00'),
(1347, 14, 47, '2013-04-17', 300, 'N', '0000-00-00'),
(1348, 14, 48, '2013-04-18', 300, 'N', '0000-00-00'),
(1349, 14, 49, '2013-04-19', 300, 'N', '0000-00-00'),
(1350, 14, 50, '2013-04-20', 300, 'N', '0000-00-00'),
(1351, 14, 51, '2013-04-21', 300, 'N', '0000-00-00'),
(1352, 14, 52, '2013-04-22', 300, 'N', '0000-00-00'),
(1353, 14, 53, '2013-04-23', 300, 'N', '0000-00-00'),
(1354, 14, 54, '2013-04-24', 300, 'N', '0000-00-00'),
(1355, 14, 55, '2013-04-25', 300, 'N', '0000-00-00'),
(1356, 14, 56, '2013-04-26', 300, 'N', '0000-00-00'),
(1357, 14, 57, '2013-04-27', 300, 'N', '0000-00-00'),
(1358, 14, 58, '2013-04-28', 300, 'N', '0000-00-00'),
(1359, 14, 59, '2013-04-29', 300, 'N', '0000-00-00'),
(1360, 14, 60, '2013-04-30', 300, 'N', '0000-00-00'),
(1361, 14, 61, '2013-05-01', 300, 'N', '0000-00-00'),
(1362, 14, 62, '2013-05-02', 300, 'N', '0000-00-00'),
(1363, 14, 63, '2013-05-03', 300, 'N', '0000-00-00'),
(1364, 14, 64, '2013-05-04', 300, 'N', '0000-00-00'),
(1365, 14, 65, '2013-05-05', 300, 'N', '0000-00-00'),
(1366, 14, 66, '2013-05-06', 300, 'N', '0000-00-00'),
(1367, 14, 67, '2013-05-07', 300, 'N', '0000-00-00'),
(1368, 14, 68, '2013-05-08', 300, 'N', '0000-00-00'),
(1369, 14, 69, '2013-05-09', 300, 'N', '0000-00-00'),
(1370, 14, 70, '2013-05-10', 300, 'N', '0000-00-00'),
(1371, 14, 71, '2013-05-11', 300, 'N', '0000-00-00'),
(1372, 14, 72, '2013-05-12', 300, 'N', '0000-00-00'),
(1373, 14, 73, '2013-05-13', 300, 'N', '0000-00-00'),
(1374, 14, 74, '2013-05-14', 300, 'N', '0000-00-00'),
(1375, 14, 75, '2013-05-15', 300, 'N', '0000-00-00'),
(1376, 14, 76, '2013-05-16', 300, 'N', '0000-00-00'),
(1377, 14, 77, '2013-05-17', 300, 'N', '0000-00-00'),
(1378, 14, 78, '2013-05-18', 300, 'N', '0000-00-00'),
(1379, 14, 79, '2013-05-19', 300, 'N', '0000-00-00'),
(1380, 14, 80, '2013-05-20', 300, 'N', '0000-00-00'),
(1381, 14, 81, '2013-05-21', 300, 'N', '0000-00-00'),
(1382, 14, 82, '2013-05-22', 300, 'N', '0000-00-00'),
(1383, 14, 83, '2013-05-23', 300, 'N', '0000-00-00'),
(1384, 14, 84, '2013-05-24', 300, 'N', '0000-00-00'),
(1385, 14, 85, '2013-05-25', 300, 'N', '0000-00-00'),
(1386, 14, 86, '2013-05-26', 300, 'N', '0000-00-00'),
(1387, 14, 87, '2013-05-27', 300, 'N', '0000-00-00'),
(1388, 14, 88, '2013-05-28', 300, 'N', '0000-00-00'),
(1389, 14, 89, '2013-05-29', 300, 'N', '0000-00-00'),
(1390, 14, 90, '2013-05-30', 300, 'N', '0000-00-00'),
(1391, 14, 91, '2013-05-31', 300, 'N', '0000-00-00'),
(1392, 14, 92, '2013-06-01', 300, 'N', '0000-00-00'),
(1393, 14, 93, '2013-06-02', 300, 'N', '0000-00-00'),
(1394, 14, 94, '2013-06-03', 300, 'N', '0000-00-00'),
(1395, 14, 95, '2013-06-04', 300, 'N', '0000-00-00'),
(1396, 14, 96, '2013-06-05', 300, 'N', '0000-00-00'),
(1397, 14, 97, '2013-06-06', 300, 'N', '0000-00-00'),
(1398, 14, 98, '2013-06-07', 300, 'N', '0000-00-00'),
(1399, 14, 99, '2013-06-08', 300, 'N', '0000-00-00'),
(1400, 14, 100, '2013-06-09', 300, 'N', '0000-00-00'),
(1401, 15, 1, '2013-04-02', 400, 'Y', '2013-04-02'),
(1402, 15, 2, '2013-04-03', 400, 'N', '0000-00-00'),
(1403, 15, 3, '2013-04-04', 400, 'N', '0000-00-00'),
(1404, 15, 4, '2013-04-05', 400, 'N', '0000-00-00'),
(1405, 15, 5, '2013-04-06', 400, 'N', '0000-00-00'),
(1406, 15, 6, '2013-04-07', 400, 'N', '0000-00-00'),
(1407, 15, 7, '2013-04-08', 400, 'N', '0000-00-00'),
(1408, 15, 8, '2013-04-09', 400, 'N', '0000-00-00'),
(1409, 15, 9, '2013-04-10', 400, 'N', '0000-00-00'),
(1410, 15, 10, '2013-04-11', 400, 'N', '0000-00-00'),
(1411, 15, 11, '2013-04-12', 400, 'N', '0000-00-00'),
(1412, 15, 12, '2013-04-13', 400, 'N', '0000-00-00'),
(1413, 15, 13, '2013-04-14', 400, 'N', '0000-00-00'),
(1414, 15, 14, '2013-04-15', 400, 'N', '0000-00-00'),
(1415, 15, 15, '2013-04-16', 400, 'N', '0000-00-00'),
(1416, 15, 16, '2013-04-17', 400, 'N', '0000-00-00'),
(1417, 15, 17, '2013-04-18', 400, 'N', '0000-00-00'),
(1418, 15, 18, '2013-04-19', 400, 'N', '0000-00-00'),
(1419, 15, 19, '2013-04-20', 400, 'N', '0000-00-00'),
(1420, 15, 20, '2013-04-21', 400, 'N', '0000-00-00'),
(1421, 15, 21, '2013-04-22', 400, 'N', '0000-00-00'),
(1422, 15, 22, '2013-04-23', 400, 'N', '0000-00-00'),
(1423, 15, 23, '2013-04-24', 400, 'N', '0000-00-00'),
(1424, 15, 24, '2013-04-25', 400, 'N', '0000-00-00'),
(1425, 15, 25, '2013-04-26', 400, 'N', '0000-00-00'),
(1426, 15, 26, '2013-04-27', 400, 'N', '0000-00-00'),
(1427, 15, 27, '2013-04-28', 400, 'N', '0000-00-00'),
(1428, 15, 28, '2013-04-29', 400, 'N', '0000-00-00'),
(1429, 15, 29, '2013-04-30', 400, 'N', '0000-00-00'),
(1430, 15, 30, '2013-05-01', 400, 'N', '0000-00-00'),
(1431, 15, 31, '2013-05-02', 400, 'N', '0000-00-00'),
(1432, 15, 32, '2013-05-03', 400, 'N', '0000-00-00'),
(1433, 15, 33, '2013-05-04', 400, 'N', '0000-00-00'),
(1434, 15, 34, '2013-05-05', 400, 'N', '0000-00-00'),
(1435, 15, 35, '2013-05-06', 400, 'N', '0000-00-00'),
(1436, 15, 36, '2013-05-07', 400, 'N', '0000-00-00'),
(1437, 15, 37, '2013-05-08', 400, 'N', '0000-00-00'),
(1438, 15, 38, '2013-05-09', 400, 'N', '0000-00-00'),
(1439, 15, 39, '2013-05-10', 400, 'N', '0000-00-00'),
(1440, 15, 40, '2013-05-11', 400, 'N', '0000-00-00'),
(1441, 15, 41, '2013-05-12', 400, 'N', '0000-00-00'),
(1442, 15, 42, '2013-05-13', 400, 'N', '0000-00-00'),
(1443, 15, 43, '2013-05-14', 400, 'N', '0000-00-00'),
(1444, 15, 44, '2013-05-15', 400, 'N', '0000-00-00'),
(1445, 15, 45, '2013-05-16', 400, 'N', '0000-00-00'),
(1446, 15, 46, '2013-05-17', 400, 'N', '0000-00-00'),
(1447, 15, 47, '2013-05-18', 400, 'N', '0000-00-00'),
(1448, 15, 48, '2013-05-19', 400, 'N', '0000-00-00'),
(1449, 15, 49, '2013-05-20', 400, 'N', '0000-00-00'),
(1450, 15, 50, '2013-05-21', 400, 'N', '0000-00-00'),
(1451, 15, 51, '2013-05-22', 400, 'N', '0000-00-00'),
(1452, 15, 52, '2013-05-23', 400, 'N', '0000-00-00'),
(1453, 15, 53, '2013-05-24', 400, 'N', '0000-00-00'),
(1454, 15, 54, '2013-05-25', 400, 'N', '0000-00-00'),
(1455, 15, 55, '2013-05-26', 400, 'N', '0000-00-00'),
(1456, 15, 56, '2013-05-27', 400, 'N', '0000-00-00'),
(1457, 15, 57, '2013-05-28', 400, 'N', '0000-00-00'),
(1458, 15, 58, '2013-05-29', 400, 'N', '0000-00-00'),
(1459, 15, 59, '2013-05-30', 400, 'N', '0000-00-00'),
(1460, 15, 60, '2013-05-31', 400, 'N', '0000-00-00'),
(1461, 15, 61, '2013-06-01', 400, 'N', '0000-00-00'),
(1462, 15, 62, '2013-06-02', 400, 'N', '0000-00-00'),
(1463, 15, 63, '2013-06-03', 400, 'N', '0000-00-00'),
(1464, 15, 64, '2013-06-04', 400, 'N', '0000-00-00'),
(1465, 15, 65, '2013-06-05', 400, 'N', '0000-00-00'),
(1466, 15, 66, '2013-06-06', 400, 'N', '0000-00-00'),
(1467, 15, 67, '2013-06-07', 400, 'N', '0000-00-00'),
(1468, 15, 68, '2013-06-08', 400, 'N', '0000-00-00'),
(1469, 15, 69, '2013-06-09', 400, 'N', '0000-00-00'),
(1470, 15, 70, '2013-06-10', 400, 'N', '0000-00-00'),
(1471, 15, 71, '2013-06-11', 400, 'N', '0000-00-00'),
(1472, 15, 72, '2013-06-12', 400, 'N', '0000-00-00'),
(1473, 15, 73, '2013-06-13', 400, 'N', '0000-00-00'),
(1474, 15, 74, '2013-06-14', 400, 'N', '0000-00-00'),
(1475, 15, 75, '2013-06-15', 400, 'N', '0000-00-00'),
(1476, 15, 76, '2013-06-16', 400, 'N', '0000-00-00'),
(1477, 15, 77, '2013-06-17', 400, 'N', '0000-00-00'),
(1478, 15, 78, '2013-06-18', 400, 'N', '0000-00-00'),
(1479, 15, 79, '2013-06-19', 400, 'N', '0000-00-00'),
(1480, 15, 80, '2013-06-20', 400, 'N', '0000-00-00'),
(1481, 15, 81, '2013-06-21', 400, 'N', '0000-00-00'),
(1482, 15, 82, '2013-06-22', 400, 'N', '0000-00-00'),
(1483, 15, 83, '2013-06-23', 400, 'N', '0000-00-00'),
(1484, 15, 84, '2013-06-24', 400, 'N', '0000-00-00'),
(1485, 15, 85, '2013-06-25', 400, 'N', '0000-00-00'),
(1486, 15, 86, '2013-06-26', 400, 'N', '0000-00-00'),
(1487, 15, 87, '2013-06-27', 400, 'N', '0000-00-00'),
(1488, 15, 88, '2013-06-28', 400, 'N', '0000-00-00'),
(1489, 15, 89, '2013-06-29', 400, 'N', '0000-00-00'),
(1490, 15, 90, '2013-06-30', 400, 'N', '0000-00-00'),
(1491, 15, 91, '2013-07-01', 400, 'N', '0000-00-00'),
(1492, 15, 92, '2013-07-02', 400, 'N', '0000-00-00'),
(1493, 15, 93, '2013-07-03', 400, 'N', '0000-00-00'),
(1494, 15, 94, '2013-07-04', 400, 'N', '0000-00-00'),
(1495, 15, 95, '2013-07-05', 400, 'N', '0000-00-00'),
(1496, 15, 96, '2013-07-06', 400, 'N', '0000-00-00'),
(1497, 15, 97, '2013-07-07', 400, 'N', '0000-00-00'),
(1498, 15, 98, '2013-07-08', 400, 'N', '0000-00-00'),
(1499, 15, 99, '2013-07-09', 400, 'N', '0000-00-00'),
(1500, 15, 100, '2013-07-10', 400, 'N', '0000-00-00'),
(1501, 16, 1, '2013-04-02', 100, 'Y', '2013-04-02'),
(1502, 16, 2, '2013-04-03', 100, 'N', '0000-00-00'),
(1503, 16, 3, '2013-04-04', 100, 'N', '0000-00-00'),
(1504, 16, 4, '2013-04-05', 100, 'N', '0000-00-00'),
(1505, 16, 5, '2013-04-06', 100, 'N', '0000-00-00'),
(1506, 16, 6, '2013-04-07', 100, 'N', '0000-00-00'),
(1507, 16, 7, '2013-04-08', 100, 'N', '0000-00-00'),
(1508, 16, 8, '2013-04-09', 100, 'N', '0000-00-00'),
(1509, 16, 9, '2013-04-10', 100, 'N', '0000-00-00'),
(1510, 16, 10, '2013-04-11', 100, 'N', '0000-00-00'),
(1511, 16, 11, '2013-04-12', 100, 'N', '0000-00-00'),
(1512, 16, 12, '2013-04-13', 100, 'N', '0000-00-00'),
(1513, 16, 13, '2013-04-14', 100, 'N', '0000-00-00'),
(1514, 16, 14, '2013-04-15', 100, 'N', '0000-00-00'),
(1515, 16, 15, '2013-04-16', 100, 'N', '0000-00-00'),
(1516, 16, 16, '2013-04-17', 100, 'N', '0000-00-00'),
(1517, 16, 17, '2013-04-18', 100, 'N', '0000-00-00'),
(1518, 16, 18, '2013-04-19', 100, 'N', '0000-00-00'),
(1519, 16, 19, '2013-04-20', 100, 'N', '0000-00-00'),
(1520, 16, 20, '2013-04-21', 100, 'N', '0000-00-00'),
(1521, 16, 21, '2013-04-22', 100, 'N', '0000-00-00'),
(1522, 16, 22, '2013-04-23', 100, 'N', '0000-00-00'),
(1523, 16, 23, '2013-04-24', 100, 'N', '0000-00-00'),
(1524, 16, 24, '2013-04-25', 100, 'N', '0000-00-00'),
(1525, 16, 25, '2013-04-26', 100, 'N', '0000-00-00'),
(1526, 16, 26, '2013-04-27', 100, 'N', '0000-00-00'),
(1527, 16, 27, '2013-04-28', 100, 'N', '0000-00-00'),
(1528, 16, 28, '2013-04-29', 100, 'N', '0000-00-00'),
(1529, 16, 29, '2013-04-30', 100, 'N', '0000-00-00'),
(1530, 16, 30, '2013-05-01', 100, 'N', '0000-00-00'),
(1531, 16, 31, '2013-05-02', 100, 'N', '0000-00-00'),
(1532, 16, 32, '2013-05-03', 100, 'N', '0000-00-00'),
(1533, 16, 33, '2013-05-04', 100, 'N', '0000-00-00'),
(1534, 16, 34, '2013-05-05', 100, 'N', '0000-00-00'),
(1535, 16, 35, '2013-05-06', 100, 'N', '0000-00-00'),
(1536, 16, 36, '2013-05-07', 100, 'N', '0000-00-00'),
(1537, 16, 37, '2013-05-08', 100, 'N', '0000-00-00'),
(1538, 16, 38, '2013-05-09', 100, 'N', '0000-00-00'),
(1539, 16, 39, '2013-05-10', 100, 'N', '0000-00-00'),
(1540, 16, 40, '2013-05-11', 100, 'N', '0000-00-00'),
(1541, 16, 41, '2013-05-12', 100, 'N', '0000-00-00'),
(1542, 16, 42, '2013-05-13', 100, 'N', '0000-00-00'),
(1543, 16, 43, '2013-05-14', 100, 'N', '0000-00-00'),
(1544, 16, 44, '2013-05-15', 100, 'N', '0000-00-00'),
(1545, 16, 45, '2013-05-16', 100, 'N', '0000-00-00'),
(1546, 16, 46, '2013-05-17', 100, 'N', '0000-00-00'),
(1547, 16, 47, '2013-05-18', 100, 'N', '0000-00-00'),
(1548, 16, 48, '2013-05-19', 100, 'N', '0000-00-00'),
(1549, 16, 49, '2013-05-20', 100, 'N', '0000-00-00'),
(1550, 16, 50, '2013-05-21', 100, 'N', '0000-00-00'),
(1551, 16, 51, '2013-05-22', 100, 'N', '0000-00-00'),
(1552, 16, 52, '2013-05-23', 100, 'N', '0000-00-00'),
(1553, 16, 53, '2013-05-24', 100, 'N', '0000-00-00'),
(1554, 16, 54, '2013-05-25', 100, 'N', '0000-00-00'),
(1555, 16, 55, '2013-05-26', 100, 'N', '0000-00-00'),
(1556, 16, 56, '2013-05-27', 100, 'N', '0000-00-00'),
(1557, 16, 57, '2013-05-28', 100, 'N', '0000-00-00'),
(1558, 16, 58, '2013-05-29', 100, 'N', '0000-00-00'),
(1559, 16, 59, '2013-05-30', 100, 'N', '0000-00-00'),
(1560, 16, 60, '2013-05-31', 100, 'N', '0000-00-00'),
(1561, 16, 61, '2013-06-01', 100, 'N', '0000-00-00'),
(1562, 16, 62, '2013-06-02', 100, 'N', '0000-00-00'),
(1563, 16, 63, '2013-06-03', 100, 'N', '0000-00-00'),
(1564, 16, 64, '2013-06-04', 100, 'N', '0000-00-00'),
(1565, 16, 65, '2013-06-05', 100, 'N', '0000-00-00'),
(1566, 16, 66, '2013-06-06', 100, 'N', '0000-00-00'),
(1567, 16, 67, '2013-06-07', 100, 'N', '0000-00-00'),
(1568, 16, 68, '2013-06-08', 100, 'N', '0000-00-00'),
(1569, 16, 69, '2013-06-09', 100, 'N', '0000-00-00'),
(1570, 16, 70, '2013-06-10', 100, 'N', '0000-00-00'),
(1571, 16, 71, '2013-06-11', 100, 'N', '0000-00-00'),
(1572, 16, 72, '2013-06-12', 100, 'N', '0000-00-00'),
(1573, 16, 73, '2013-06-13', 100, 'N', '0000-00-00'),
(1574, 16, 74, '2013-06-14', 100, 'N', '0000-00-00'),
(1575, 16, 75, '2013-06-15', 100, 'N', '0000-00-00'),
(1576, 16, 76, '2013-06-16', 100, 'N', '0000-00-00'),
(1577, 16, 77, '2013-06-17', 100, 'N', '0000-00-00'),
(1578, 16, 78, '2013-06-18', 100, 'N', '0000-00-00'),
(1579, 16, 79, '2013-06-19', 100, 'N', '0000-00-00'),
(1580, 16, 80, '2013-06-20', 100, 'N', '0000-00-00'),
(1581, 16, 81, '2013-06-21', 100, 'N', '0000-00-00'),
(1582, 16, 82, '2013-06-22', 100, 'N', '0000-00-00'),
(1583, 16, 83, '2013-06-23', 100, 'N', '0000-00-00'),
(1584, 16, 84, '2013-06-24', 100, 'N', '0000-00-00'),
(1585, 16, 85, '2013-06-25', 100, 'N', '0000-00-00'),
(1586, 16, 86, '2013-06-26', 100, 'N', '0000-00-00'),
(1587, 16, 87, '2013-06-27', 100, 'N', '0000-00-00'),
(1588, 16, 88, '2013-06-28', 100, 'N', '0000-00-00'),
(1589, 16, 89, '2013-06-29', 100, 'N', '0000-00-00'),
(1590, 16, 90, '2013-06-30', 100, 'N', '0000-00-00'),
(1591, 16, 91, '2013-07-01', 100, 'N', '0000-00-00'),
(1592, 16, 92, '2013-07-02', 100, 'N', '0000-00-00'),
(1593, 16, 93, '2013-07-03', 100, 'N', '0000-00-00'),
(1594, 16, 94, '2013-07-04', 100, 'N', '0000-00-00'),
(1595, 16, 95, '2013-07-05', 100, 'N', '0000-00-00'),
(1596, 16, 96, '2013-07-06', 100, 'N', '0000-00-00'),
(1597, 16, 97, '2013-07-07', 100, 'N', '0000-00-00'),
(1598, 16, 98, '2013-07-08', 100, 'N', '0000-00-00'),
(1599, 16, 99, '2013-07-09', 100, 'N', '0000-00-00'),
(1600, 16, 100, '2013-07-10', 100, 'N', '0000-00-00');

-- --------------------------------------------------------

--
-- Table structure for table `loan`
--

CREATE TABLE IF NOT EXISTS `loan` (
  `loanId` int(11) NOT NULL,
  `partyId` int(11) default NULL,
  `loanDate` date default NULL,
  `loanAmount` double default NULL,
  `interest` double default NULL,
  `installmentAmount` double default NULL,
  `installmentDays` int(11) default NULL,
  `guaranterId` int(11) default NULL,
  `installmentReceived` int(11) default NULL,
  PRIMARY KEY  (`loanId`)
) ENGINE=InnoDB DEFAULT CHARSET=latin1;

--
-- Dumping data for table `loan`
--

INSERT INTO `loan` (`loanId`, `partyId`, `loanDate`, `loanAmount`, `interest`, `installmentAmount`, `installmentDays`, `guaranterId`, `installmentReceived`) VALUES
(1, 1, '2013-02-28', 20000, 3000, 200, 100, 0, 5),
(2, 2, '2013-02-28', 20000, 3000, 200, 100, 0, 3),
(3, 3, '2013-02-28', 12000, 2000, 120, 100, 0, 3),
(4, 4, '2013-03-01', 10000, 1500, 100, 100, 0, 4),
(5, 5, '2013-03-01', 30000, 4500, 300, 100, 0, 3),
(6, 6, '2013-03-01', 20000, 3000, 200, 100, 0, 2),
(7, 7, '2013-03-01', 50000, 7500, 500, 100, 0, 5),
(8, 8, '2013-03-01', 50000, 7500, 500, 100, 0, 2),
(9, 9, '2013-03-02', 10000, 1500, 100, 100, 0, 1),
(10, 10, '2013-03-02', 5000, 750, 50, 100, 0, 11),
(11, 11, '2013-03-02', 20000, 3000, 200, 100, 0, 5),
(12, 12, '2013-03-02', 20000, 3000, 200, 100, 0, 5),
(13, 13, '2013-03-02', 10000, 1500, 100, 100, 0, 2),
(14, 14, '2013-03-02', 30000, 4500, 300, 100, 0, 3),
(15, 15, '2013-04-02', 40000, 6000, 400, 100, 0, 1),
(16, 16, '2013-04-02', 10000, 1500, 100, 100, 0, 1);

-- --------------------------------------------------------

--
-- Table structure for table `loandraw`
--

CREATE TABLE IF NOT EXISTS `loandraw` (
  `loanDrawId` int(11) NOT NULL auto_increment,
  `partyId` int(11) NOT NULL,
  `drawCardDate` date NOT NULL,
  `drawInstallmentAmount` double NOT NULL,
  `drawInstallmentReceived` int(11) NOT NULL,
  PRIMARY KEY  (`loanDrawId`)
) ENGINE=InnoDB  DEFAULT CHARSET=latin1 AUTO_INCREMENT=105 ;

--
-- Dumping data for table `loandraw`
--

INSERT INTO `loandraw` (`loanDrawId`, `partyId`, `drawCardDate`, `drawInstallmentAmount`, `drawInstallmentReceived`) VALUES
(104, 4, '2013-07-28', 1000, 1);

-- --------------------------------------------------------

--
-- Table structure for table `party`
--

CREATE TABLE IF NOT EXISTS `party` (
  `partyId` int(11) NOT NULL auto_increment,
  `partyName` varchar(255) character set utf8 default NULL,
  `address` varchar(255) character set utf8 default NULL,
  `city` varchar(255) character set utf8 default NULL,
  `phone1` varchar(255) character set utf8 default NULL,
  `phone2` varchar(255) character set utf8 default NULL,
  `documentsId` varchar(255) character set utf8 default NULL,
  `otherInfo` varchar(255) character set utf8 default NULL,
  `partyStatus` varchar(255) NOT NULL default 'Active',
  PRIMARY KEY  (`partyId`)
) ENGINE=InnoDB  DEFAULT CHARSET=latin1 AUTO_INCREMENT=17 ;

--
-- Dumping data for table `party`
--

INSERT INTO `party` (`partyId`, `partyName`, `address`, `city`, `phone1`, `phone2`, `documentsId`, `otherInfo`, `partyStatus`) VALUES
(1, 'Pareshbhai Karia', '', '', '', '', '', '', 'Active'),
(2, 'Aflo', '', '', '', '', '', '', 'Active'),
(3, 'Mukeshbhai', '', '', '', '', '', '', 'Active'),
(4, 'Arvindbhai', '', '', '', '', '', '', 'Active'),
(5, 'Anilbhai', '', '', '', '', '', '', 'Active'),
(6, 'Hasmukh Chavda', '', '', '', '', '', '', 'Active'),
(7, 'Denishbhai', '', '', '', '', '', '', 'Active'),
(8, 'Appu', '', '', '', '', '', '', 'Active'),
(9, 'kamal', '', '', '', '', '', '', 'Active'),
(10, 'usman', '', '', '', '', '', '', 'Active'),
(11, 'bhainesh bhai', '', '', '', '', '', '', 'Active'),
(12, 'babu rabari', '', '', '', '', '', '', 'Active'),
(13, 'haku bha', '', '', '', '', '', '', 'Active'),
(14, 'mahmud bhai', '', '', '', '', '', '', 'Active'),
(15, 'yougesh bhai', '', '', '', '', '', '', 'Active'),
(16, 'jivan bhai', '', '', '', '', '', '', 'Active');

-- --------------------------------------------------------

--
-- Table structure for table `transaction`
--

CREATE TABLE IF NOT EXISTS `transaction` (
  `transactionId` int(11) NOT NULL auto_increment,
  `accountIdCr` int(11) NOT NULL,
  `accountIdDr` int(11) NOT NULL,
  `accountIdInRef` int(11) NOT NULL default '0',
  `transDate` date NOT NULL,
  `amount` double NOT NULL,
  `pendingAmount` double NOT NULL default '0',
  `interest30days` double default NULL,
  `narration` varchar(5000) character set utf8 default NULL,
  PRIMARY KEY  (`transactionId`)
) ENGINE=InnoDB  DEFAULT CHARSET=latin1 AUTO_INCREMENT=12 ;

--
-- Dumping data for table `transaction`
--

INSERT INTO `transaction` (`transactionId`, `accountIdCr`, `accountIdDr`, `accountIdInRef`, `transDate`, `amount`, `pendingAmount`, `interest30days`, `narration`) VALUES
(1, 8, 15, 0, '2013-02-28', 80000, 80000, 0, ''),
(2, -1, 7, 0, '2013-02-28', 22688, 22688, 0, 'Office kharch'),
(3, 20, 15, 0, '2013-03-01', 500000, 500000, 15000, ''),
(4, -1, 4, 20, '2013-03-01', 15000, 0, 0, ''),
(5, 15, 21, 0, '2013-03-01', 100000, 100000, 0, ''),
(6, 21, 2, 0, '2013-03-01', 1000, 1000, 0, 'vipulbhai 4day ne 100000 naa aapyaa'),
(7, 15, 22, 0, '2013-03-01', 20000, 20000, 0, 'Interest 15 day 1500 aavyoo'),
(8, 22, 2, 0, '2013-03-01', 1500, 1500, 0, 'Je 20000 15 day maate aapyaa te maate'),
(9, -1, 7, 0, '2013-03-01', 2000, 2000, 0, 'kharch'),
(10, 23, 15, 0, '2013-04-02', 100000, 100000, 3000, ''),
(11, -1, 4, 23, '2013-04-02', 3000, 0, 0, '');

/*!40101 SET CHARACTER_SET_CLIENT=@OLD_CHARACTER_SET_CLIENT */;
/*!40101 SET CHARACTER_SET_RESULTS=@OLD_CHARACTER_SET_RESULTS */;
/*!40101 SET COLLATION_CONNECTION=@OLD_COLLATION_CONNECTION */;
