-- phpMyAdmin SQL Dump
-- version 3.5.2.2
-- http://www.phpmyadmin.net
--
-- Host: localhost
-- Generation Time: Jul 23, 2013 at 10:34 AM
-- Server version: 5.0.67-community-nt
-- PHP Version: 5.2.8

SET SQL_MODE="NO_AUTO_VALUE_ON_ZERO";
SET time_zone = "+00:00";


/*!40101 SET @OLD_CHARACTER_SET_CLIENT=@@CHARACTER_SET_CLIENT */;
/*!40101 SET @OLD_CHARACTER_SET_RESULTS=@@CHARACTER_SET_RESULTS */;
/*!40101 SET @OLD_COLLATION_CONNECTION=@@COLLATION_CONNECTION */;
/*!40101 SET NAMES utf8 */;

--
-- Database: `fin34`
--

--
-- Dumping data for table `account`
--

INSERT INTO `account` (`accountId`, `accountName`, `otherInfo`, `inludeInPL`) VALUES
(1, 'Loan', NULL, 'N'),
(2, 'Interest Received', NULL, 'Y'),
(3, 'Installment', '', 'N'),
(4, 'Interest Paid', NULL, 'Y'),
(6, 'Electric Expence', 'xtz', 'Y'),
(7, 'Other Expense', '', 'Y'),
(8, 'Vijaybhai', NULL, 'N'),
(9, 'Tejasbhai', NULL, 'N'),
(12, 'Pareshbhai', '', 'N'),
(13, 'Parambhai', '', 'N'),
(14, 'chetanbhai', '', 'N'),
(15, 'Ashapura', '', 'N'),
(16, 'Chandarana', '', 'N');

--
-- Dumping data for table `documents`
--

INSERT INTO `documents` (`documentsId`, `document`) VALUES
(1, 'Passport'),
(2, 'Licence'),
(3, 'Stamp Paper'),
(4, 'PAN Card '),
(5, 'Electric Bill');

--
-- Dumping data for table `installment`
--

INSERT INTO `installment` (`installmentId`, `loanId`, `installmentDate`, `installmentAmount`, `isReceived`, `receiveDate`) VALUES
(1, 1, '2013-06-28', 200, 'Y', '2013-06-28'),
(2, 1, '2013-06-29', 200, 'Y', '2013-06-28'),
(3, 1, '2013-06-30', 200, 'Y', '2013-07-01'),
(4, 1, '2013-07-01', 200, 'Y', '2013-07-01'),
(5, 1, '2013-07-02', 200, 'Y', '2013-07-02'),
(6, 1, '2013-07-03', 200, 'Y', '2013-07-03'),
(7, 1, '2013-07-04', 200, 'Y', '2013-07-04'),
(8, 1, '2013-07-05', 200, 'Y', '2013-07-05'),
(9, 1, '2013-07-06', 200, 'Y', '2013-07-06'),
(10, 1, '2013-07-07', 200, 'Y', '2013-07-08'),
(11, 1, '2013-07-08', 200, 'Y', '2013-07-08'),
(12, 1, '2013-07-09', 200, 'Y', '2013-07-10'),
(13, 1, '2013-07-10', 200, 'Y', '2013-07-10'),
(14, 1, '2013-07-11', 200, 'Y', '2013-07-11'),
(15, 1, '2013-07-12', 200, 'Y', '2013-07-12'),
(16, 1, '2013-07-13', 200, 'Y', '2013-07-15'),
(17, 1, '2013-07-14', 200, 'Y', '2013-07-15'),
(18, 1, '2013-07-15', 200, 'Y', '2013-07-15'),
(19, 1, '2013-07-16', 200, 'Y', '2013-07-16'),
(20, 1, '2013-07-17', 200, 'Y', '2013-07-17'),
(21, 1, '2013-07-18', 200, 'N', '0000-00-00'),
(22, 1, '2013-07-19', 200, 'N', '0000-00-00'),
(23, 1, '2013-07-20', 200, 'N', '0000-00-00'),
(24, 1, '2013-07-21', 200, 'N', '0000-00-00'),
(25, 1, '2013-07-22', 200, 'N', '0000-00-00'),
(26, 1, '2013-07-23', 200, 'N', '0000-00-00'),
(27, 1, '2013-07-24', 200, 'N', '0000-00-00'),
(28, 1, '2013-07-25', 200, 'N', '0000-00-00'),
(29, 1, '2013-07-26', 200, 'N', '0000-00-00'),
(30, 1, '2013-07-27', 200, 'N', '0000-00-00'),
(31, 1, '2013-07-28', 200, 'N', '0000-00-00'),
(32, 1, '2013-07-29', 200, 'N', '0000-00-00'),
(33, 1, '2013-07-30', 200, 'N', '0000-00-00'),
(34, 1, '2013-07-31', 200, 'N', '0000-00-00'),
(35, 1, '2013-08-01', 200, 'N', '0000-00-00'),
(36, 1, '2013-08-02', 200, 'N', '0000-00-00'),
(37, 1, '2013-08-03', 200, 'N', '0000-00-00'),
(38, 1, '2013-08-04', 200, 'N', '0000-00-00'),
(39, 1, '2013-08-05', 200, 'N', '0000-00-00'),
(40, 1, '2013-08-06', 200, 'N', '0000-00-00'),
(41, 1, '2013-08-07', 200, 'N', '0000-00-00'),
(42, 1, '2013-08-08', 200, 'N', '0000-00-00'),
(43, 1, '2013-08-09', 200, 'N', '0000-00-00'),
(44, 1, '2013-08-10', 200, 'N', '0000-00-00'),
(45, 1, '2013-08-11', 200, 'N', '0000-00-00'),
(46, 1, '2013-08-12', 200, 'N', '0000-00-00'),
(47, 1, '2013-08-13', 200, 'N', '0000-00-00'),
(48, 1, '2013-08-14', 200, 'N', '0000-00-00'),
(49, 1, '2013-08-15', 200, 'N', '0000-00-00'),
(50, 1, '2013-08-16', 200, 'N', '0000-00-00'),
(51, 1, '2013-08-17', 200, 'N', '0000-00-00'),
(52, 1, '2013-08-18', 200, 'N', '0000-00-00'),
(53, 1, '2013-08-19', 200, 'N', '0000-00-00'),
(54, 1, '2013-08-20', 200, 'N', '0000-00-00'),
(55, 1, '2013-08-21', 200, 'N', '0000-00-00'),
(56, 1, '2013-08-22', 200, 'N', '0000-00-00'),
(57, 1, '2013-08-23', 200, 'N', '0000-00-00'),
(58, 1, '2013-08-24', 200, 'N', '0000-00-00'),
(59, 1, '2013-08-25', 200, 'N', '0000-00-00'),
(60, 1, '2013-08-26', 200, 'N', '0000-00-00'),
(61, 1, '2013-08-27', 200, 'N', '0000-00-00'),
(62, 1, '2013-08-28', 200, 'N', '0000-00-00'),
(63, 1, '2013-08-29', 200, 'N', '0000-00-00'),
(64, 1, '2013-08-30', 200, 'N', '0000-00-00'),
(65, 1, '2013-08-31', 200, 'N', '0000-00-00'),
(66, 1, '2013-09-01', 200, 'N', '0000-00-00'),
(67, 1, '2013-09-02', 200, 'N', '0000-00-00'),
(68, 1, '2013-09-03', 200, 'N', '0000-00-00'),
(69, 1, '2013-09-04', 200, 'N', '0000-00-00'),
(70, 1, '2013-09-05', 200, 'N', '0000-00-00'),
(71, 1, '2013-09-06', 200, 'N', '0000-00-00'),
(72, 1, '2013-09-07', 200, 'N', '0000-00-00'),
(73, 1, '2013-09-08', 200, 'N', '0000-00-00'),
(74, 1, '2013-09-09', 200, 'N', '0000-00-00'),
(75, 1, '2013-09-10', 200, 'N', '0000-00-00'),
(76, 1, '2013-09-11', 200, 'N', '0000-00-00'),
(77, 1, '2013-09-12', 200, 'N', '0000-00-00'),
(78, 1, '2013-09-13', 200, 'N', '0000-00-00'),
(79, 1, '2013-09-14', 200, 'N', '0000-00-00'),
(80, 1, '2013-09-15', 200, 'N', '0000-00-00'),
(81, 1, '2013-09-16', 200, 'N', '0000-00-00'),
(82, 1, '2013-09-17', 200, 'N', '0000-00-00'),
(83, 1, '2013-09-18', 200, 'N', '0000-00-00'),
(84, 1, '2013-09-19', 200, 'N', '0000-00-00'),
(85, 1, '2013-09-20', 200, 'N', '0000-00-00'),
(86, 1, '2013-09-21', 200, 'N', '0000-00-00'),
(87, 1, '2013-09-22', 200, 'N', '0000-00-00'),
(88, 1, '2013-09-23', 200, 'N', '0000-00-00'),
(89, 1, '2013-09-24', 200, 'N', '0000-00-00'),
(90, 1, '2013-09-25', 200, 'N', '0000-00-00'),
(91, 1, '2013-09-26', 200, 'N', '0000-00-00'),
(92, 1, '2013-09-27', 200, 'N', '0000-00-00'),
(93, 1, '2013-09-28', 200, 'N', '0000-00-00'),
(94, 1, '2013-09-29', 200, 'N', '0000-00-00'),
(95, 1, '2013-09-30', 200, 'N', '0000-00-00'),
(96, 1, '2013-10-01', 200, 'N', '0000-00-00'),
(97, 1, '2013-10-02', 200, 'N', '0000-00-00'),
(98, 1, '2013-10-03', 200, 'N', '0000-00-00'),
(99, 1, '2013-10-04', 200, 'N', '0000-00-00'),
(100, 1, '2013-10-05', 200, 'N', '0000-00-00'),
(101, 2, '2013-06-28', 100, 'Y', '2013-06-28'),
(102, 2, '2013-06-29', 100, 'Y', '2013-06-29'),
(103, 2, '2013-06-30', 100, 'Y', '2013-07-01'),
(104, 2, '2013-07-01', 100, 'Y', '2013-07-01'),
(105, 2, '2013-07-02', 100, 'Y', '2013-07-02'),
(106, 2, '2013-07-03', 100, 'Y', '2013-07-03'),
(107, 2, '2013-07-04', 100, 'Y', '2013-07-04'),
(108, 2, '2013-07-05', 100, 'Y', '2013-07-05'),
(109, 2, '2013-07-06', 100, 'Y', '2013-07-06'),
(110, 2, '2013-07-07', 100, 'Y', '2013-07-08'),
(111, 2, '2013-07-08', 100, 'Y', '2013-07-08'),
(112, 2, '2013-07-09', 100, 'Y', '2013-07-09'),
(113, 2, '2013-07-10', 100, 'Y', '2013-07-10'),
(114, 2, '2013-07-11', 100, 'Y', '2013-07-11'),
(115, 2, '2013-07-12', 100, 'Y', '2013-07-15'),
(116, 2, '2013-07-13', 100, 'Y', '2013-07-15'),
(117, 2, '2013-07-14', 100, 'Y', '2013-07-15'),
(118, 2, '2013-07-15', 100, 'Y', '2013-07-15'),
(119, 2, '2013-07-16', 100, 'Y', '2013-07-16'),
(120, 2, '2013-07-17', 100, 'Y', '2013-07-17'),
(121, 2, '2013-07-18', 100, 'N', '0000-00-00'),
(122, 2, '2013-07-19', 100, 'N', '0000-00-00'),
(123, 2, '2013-07-20', 100, 'N', '0000-00-00'),
(124, 2, '2013-07-21', 100, 'N', '0000-00-00'),
(125, 2, '2013-07-22', 100, 'N', '0000-00-00'),
(126, 2, '2013-07-23', 100, 'N', '0000-00-00'),
(127, 2, '2013-07-24', 100, 'N', '0000-00-00'),
(128, 2, '2013-07-25', 100, 'N', '0000-00-00'),
(129, 2, '2013-07-26', 100, 'N', '0000-00-00'),
(130, 2, '2013-07-27', 100, 'N', '0000-00-00'),
(131, 2, '2013-07-28', 100, 'N', '0000-00-00'),
(132, 2, '2013-07-29', 100, 'N', '0000-00-00'),
(133, 2, '2013-07-30', 100, 'N', '0000-00-00'),
(134, 2, '2013-07-31', 100, 'N', '0000-00-00'),
(135, 2, '2013-08-01', 100, 'N', '0000-00-00'),
(136, 2, '2013-08-02', 100, 'N', '0000-00-00'),
(137, 2, '2013-08-03', 100, 'N', '0000-00-00'),
(138, 2, '2013-08-04', 100, 'N', '0000-00-00'),
(139, 2, '2013-08-05', 100, 'N', '0000-00-00'),
(140, 2, '2013-08-06', 100, 'N', '0000-00-00'),
(141, 2, '2013-08-07', 100, 'N', '0000-00-00'),
(142, 2, '2013-08-08', 100, 'N', '0000-00-00'),
(143, 2, '2013-08-09', 100, 'N', '0000-00-00'),
(144, 2, '2013-08-10', 100, 'N', '0000-00-00'),
(145, 2, '2013-08-11', 100, 'N', '0000-00-00'),
(146, 2, '2013-08-12', 100, 'N', '0000-00-00'),
(147, 2, '2013-08-13', 100, 'N', '0000-00-00'),
(148, 2, '2013-08-14', 100, 'N', '0000-00-00'),
(149, 2, '2013-08-15', 100, 'N', '0000-00-00'),
(150, 2, '2013-08-16', 100, 'N', '0000-00-00'),
(151, 2, '2013-08-17', 100, 'N', '0000-00-00'),
(152, 2, '2013-08-18', 100, 'N', '0000-00-00'),
(153, 2, '2013-08-19', 100, 'N', '0000-00-00'),
(154, 2, '2013-08-20', 100, 'N', '0000-00-00'),
(155, 2, '2013-08-21', 100, 'N', '0000-00-00'),
(156, 2, '2013-08-22', 100, 'N', '0000-00-00'),
(157, 2, '2013-08-23', 100, 'N', '0000-00-00'),
(158, 2, '2013-08-24', 100, 'N', '0000-00-00'),
(159, 2, '2013-08-25', 100, 'N', '0000-00-00'),
(160, 2, '2013-08-26', 100, 'N', '0000-00-00'),
(161, 2, '2013-08-27', 100, 'N', '0000-00-00'),
(162, 2, '2013-08-28', 100, 'N', '0000-00-00'),
(163, 2, '2013-08-29', 100, 'N', '0000-00-00'),
(164, 2, '2013-08-30', 100, 'N', '0000-00-00'),
(165, 2, '2013-08-31', 100, 'N', '0000-00-00'),
(166, 2, '2013-09-01', 100, 'N', '0000-00-00'),
(167, 2, '2013-09-02', 100, 'N', '0000-00-00'),
(168, 2, '2013-09-03', 100, 'N', '0000-00-00'),
(169, 2, '2013-09-04', 100, 'N', '0000-00-00'),
(170, 2, '2013-09-05', 100, 'N', '0000-00-00'),
(171, 2, '2013-09-06', 100, 'N', '0000-00-00'),
(172, 2, '2013-09-07', 100, 'N', '0000-00-00'),
(173, 2, '2013-09-08', 100, 'N', '0000-00-00'),
(174, 2, '2013-09-09', 100, 'N', '0000-00-00'),
(175, 2, '2013-09-10', 100, 'N', '0000-00-00'),
(176, 2, '2013-09-11', 100, 'N', '0000-00-00'),
(177, 2, '2013-09-12', 100, 'N', '0000-00-00'),
(178, 2, '2013-09-13', 100, 'N', '0000-00-00'),
(179, 2, '2013-09-14', 100, 'N', '0000-00-00'),
(180, 2, '2013-09-15', 100, 'N', '0000-00-00'),
(181, 2, '2013-09-16', 100, 'N', '0000-00-00'),
(182, 2, '2013-09-17', 100, 'N', '0000-00-00'),
(183, 2, '2013-09-18', 100, 'N', '0000-00-00'),
(184, 2, '2013-09-19', 100, 'N', '0000-00-00'),
(185, 2, '2013-09-20', 100, 'N', '0000-00-00'),
(186, 2, '2013-09-21', 100, 'N', '0000-00-00'),
(187, 2, '2013-09-22', 100, 'N', '0000-00-00'),
(188, 2, '2013-09-23', 100, 'N', '0000-00-00'),
(189, 2, '2013-09-24', 100, 'N', '0000-00-00'),
(190, 2, '2013-09-25', 100, 'N', '0000-00-00'),
(191, 2, '2013-09-26', 100, 'N', '0000-00-00'),
(192, 2, '2013-09-27', 100, 'N', '0000-00-00'),
(193, 2, '2013-09-28', 100, 'N', '0000-00-00'),
(194, 2, '2013-09-29', 100, 'N', '0000-00-00'),
(195, 2, '2013-09-30', 100, 'N', '0000-00-00'),
(196, 2, '2013-10-01', 100, 'N', '0000-00-00'),
(197, 2, '2013-10-02', 100, 'N', '0000-00-00'),
(198, 2, '2013-10-03', 100, 'N', '0000-00-00'),
(199, 2, '2013-10-04', 100, 'N', '0000-00-00'),
(200, 2, '2013-10-05', 100, 'N', '0000-00-00'),
(201, 3, '2013-06-28', 100, 'Y', '2013-06-28'),
(202, 3, '2013-06-29', 100, 'Y', '2013-06-29'),
(203, 3, '2013-06-30', 100, 'Y', '2013-07-01'),
(204, 3, '2013-07-01', 100, 'Y', '2013-07-01'),
(205, 3, '2013-07-02', 100, 'Y', '2013-07-02'),
(206, 3, '2013-07-03', 100, 'Y', '2013-07-03'),
(207, 3, '2013-07-04', 100, 'Y', '2013-07-04'),
(208, 3, '2013-07-05', 100, 'Y', '2013-07-05'),
(209, 3, '2013-07-06', 100, 'Y', '2013-07-08'),
(210, 3, '2013-07-07', 100, 'Y', '2013-07-08'),
(211, 3, '2013-07-08', 100, 'Y', '2013-07-08'),
(212, 3, '2013-07-09', 100, 'Y', '2013-07-09'),
(213, 3, '2013-07-10', 100, 'Y', '2013-07-10'),
(214, 3, '2013-07-11', 100, 'Y', '2013-07-11'),
(215, 3, '2013-07-12', 100, 'Y', '2013-07-12'),
(216, 3, '2013-07-13', 100, 'Y', '2013-07-15'),
(217, 3, '2013-07-14', 100, 'Y', '2013-07-15'),
(218, 3, '2013-07-15', 100, 'Y', '2013-07-15'),
(219, 3, '2013-07-16', 100, 'Y', '2013-07-16'),
(220, 3, '2013-07-17', 100, 'Y', '2013-07-17'),
(221, 3, '2013-07-18', 100, 'N', '0000-00-00'),
(222, 3, '2013-07-19', 100, 'N', '0000-00-00'),
(223, 3, '2013-07-20', 100, 'N', '0000-00-00'),
(224, 3, '2013-07-21', 100, 'N', '0000-00-00'),
(225, 3, '2013-07-22', 100, 'N', '0000-00-00'),
(226, 3, '2013-07-23', 100, 'N', '0000-00-00'),
(227, 3, '2013-07-24', 100, 'N', '0000-00-00'),
(228, 3, '2013-07-25', 100, 'N', '0000-00-00'),
(229, 3, '2013-07-26', 100, 'N', '0000-00-00'),
(230, 3, '2013-07-27', 100, 'N', '0000-00-00'),
(231, 3, '2013-07-28', 100, 'N', '0000-00-00'),
(232, 3, '2013-07-29', 100, 'N', '0000-00-00'),
(233, 3, '2013-07-30', 100, 'N', '0000-00-00'),
(234, 3, '2013-07-31', 100, 'N', '0000-00-00'),
(235, 3, '2013-08-01', 100, 'N', '0000-00-00'),
(236, 3, '2013-08-02', 100, 'N', '0000-00-00'),
(237, 3, '2013-08-03', 100, 'N', '0000-00-00'),
(238, 3, '2013-08-04', 100, 'N', '0000-00-00'),
(239, 3, '2013-08-05', 100, 'N', '0000-00-00'),
(240, 3, '2013-08-06', 100, 'N', '0000-00-00'),
(241, 3, '2013-08-07', 100, 'N', '0000-00-00'),
(242, 3, '2013-08-08', 100, 'N', '0000-00-00'),
(243, 3, '2013-08-09', 100, 'N', '0000-00-00'),
(244, 3, '2013-08-10', 100, 'N', '0000-00-00'),
(245, 3, '2013-08-11', 100, 'N', '0000-00-00'),
(246, 3, '2013-08-12', 100, 'N', '0000-00-00'),
(247, 3, '2013-08-13', 100, 'N', '0000-00-00'),
(248, 3, '2013-08-14', 100, 'N', '0000-00-00'),
(249, 3, '2013-08-15', 100, 'N', '0000-00-00'),
(250, 3, '2013-08-16', 100, 'N', '0000-00-00'),
(251, 3, '2013-08-17', 100, 'N', '0000-00-00'),
(252, 3, '2013-08-18', 100, 'N', '0000-00-00'),
(253, 3, '2013-08-19', 100, 'N', '0000-00-00'),
(254, 3, '2013-08-20', 100, 'N', '0000-00-00'),
(255, 3, '2013-08-21', 100, 'N', '0000-00-00'),
(256, 3, '2013-08-22', 100, 'N', '0000-00-00'),
(257, 3, '2013-08-23', 100, 'N', '0000-00-00'),
(258, 3, '2013-08-24', 100, 'N', '0000-00-00'),
(259, 3, '2013-08-25', 100, 'N', '0000-00-00'),
(260, 3, '2013-08-26', 100, 'N', '0000-00-00'),
(261, 3, '2013-08-27', 100, 'N', '0000-00-00'),
(262, 3, '2013-08-28', 100, 'N', '0000-00-00'),
(263, 3, '2013-08-29', 100, 'N', '0000-00-00'),
(264, 3, '2013-08-30', 100, 'N', '0000-00-00'),
(265, 3, '2013-08-31', 100, 'N', '0000-00-00'),
(266, 3, '2013-09-01', 100, 'N', '0000-00-00'),
(267, 3, '2013-09-02', 100, 'N', '0000-00-00'),
(268, 3, '2013-09-03', 100, 'N', '0000-00-00'),
(269, 3, '2013-09-04', 100, 'N', '0000-00-00'),
(270, 3, '2013-09-05', 100, 'N', '0000-00-00'),
(271, 3, '2013-09-06', 100, 'N', '0000-00-00'),
(272, 3, '2013-09-07', 100, 'N', '0000-00-00'),
(273, 3, '2013-09-08', 100, 'N', '0000-00-00'),
(274, 3, '2013-09-09', 100, 'N', '0000-00-00'),
(275, 3, '2013-09-10', 100, 'N', '0000-00-00'),
(276, 3, '2013-09-11', 100, 'N', '0000-00-00'),
(277, 3, '2013-09-12', 100, 'N', '0000-00-00'),
(278, 3, '2013-09-13', 100, 'N', '0000-00-00'),
(279, 3, '2013-09-14', 100, 'N', '0000-00-00'),
(280, 3, '2013-09-15', 100, 'N', '0000-00-00'),
(281, 3, '2013-09-16', 100, 'N', '0000-00-00'),
(282, 3, '2013-09-17', 100, 'N', '0000-00-00'),
(283, 3, '2013-09-18', 100, 'N', '0000-00-00'),
(284, 3, '2013-09-19', 100, 'N', '0000-00-00'),
(285, 3, '2013-09-20', 100, 'N', '0000-00-00'),
(286, 3, '2013-09-21', 100, 'N', '0000-00-00'),
(287, 3, '2013-09-22', 100, 'N', '0000-00-00'),
(288, 3, '2013-09-23', 100, 'N', '0000-00-00'),
(289, 3, '2013-09-24', 100, 'N', '0000-00-00'),
(290, 3, '2013-09-25', 100, 'N', '0000-00-00'),
(291, 3, '2013-09-26', 100, 'N', '0000-00-00'),
(292, 3, '2013-09-27', 100, 'N', '0000-00-00'),
(293, 3, '2013-09-28', 100, 'N', '0000-00-00'),
(294, 3, '2013-09-29', 100, 'N', '0000-00-00'),
(295, 3, '2013-09-30', 100, 'N', '0000-00-00'),
(296, 3, '2013-10-01', 100, 'N', '0000-00-00'),
(297, 3, '2013-10-02', 100, 'N', '0000-00-00'),
(298, 3, '2013-10-03', 100, 'N', '0000-00-00'),
(299, 3, '2013-10-04', 100, 'N', '0000-00-00'),
(300, 3, '2013-10-05', 100, 'N', '0000-00-00'),
(301, 4, '2013-06-28', 100, 'Y', '2013-06-28'),
(302, 4, '2013-06-29', 100, 'Y', '2013-06-29'),
(303, 4, '2013-06-30', 100, 'Y', '2013-07-01'),
(304, 4, '2013-07-01', 100, 'Y', '2013-07-01'),
(305, 4, '2013-07-02', 100, 'Y', '2013-07-02'),
(306, 4, '2013-07-03', 100, 'Y', '2013-07-03'),
(307, 4, '2013-07-04', 100, 'Y', '2013-07-04'),
(308, 4, '2013-07-05', 100, 'Y', '2013-07-05'),
(309, 4, '2013-07-06', 100, 'Y', '2013-07-08'),
(310, 4, '2013-07-07', 100, 'Y', '2013-07-08'),
(311, 4, '2013-07-08', 100, 'Y', '2013-07-08'),
(312, 4, '2013-07-09', 100, 'Y', '2013-07-09'),
(313, 4, '2013-07-10', 100, 'Y', '2013-07-11'),
(314, 4, '2013-07-11', 100, 'Y', '2013-07-11'),
(315, 4, '2013-07-12', 100, 'Y', '2013-07-16'),
(316, 4, '2013-07-13', 100, 'Y', '2013-07-16'),
(317, 4, '2013-07-14', 100, 'Y', '2013-07-16'),
(318, 4, '2013-07-15', 100, 'Y', '2013-07-16'),
(319, 4, '2013-07-16', 100, 'Y', '2013-07-16'),
(320, 4, '2013-07-17', 100, 'Y', '2013-07-17'),
(321, 4, '2013-07-18', 100, 'N', '0000-00-00'),
(322, 4, '2013-07-19', 100, 'N', '0000-00-00'),
(323, 4, '2013-07-20', 100, 'N', '0000-00-00'),
(324, 4, '2013-07-21', 100, 'N', '0000-00-00'),
(325, 4, '2013-07-22', 100, 'N', '0000-00-00'),
(326, 4, '2013-07-23', 100, 'N', '0000-00-00'),
(327, 4, '2013-07-24', 100, 'N', '0000-00-00'),
(328, 4, '2013-07-25', 100, 'N', '0000-00-00'),
(329, 4, '2013-07-26', 100, 'N', '0000-00-00'),
(330, 4, '2013-07-27', 100, 'N', '0000-00-00'),
(331, 4, '2013-07-28', 100, 'N', '0000-00-00'),
(332, 4, '2013-07-29', 100, 'N', '0000-00-00'),
(333, 4, '2013-07-30', 100, 'N', '0000-00-00'),
(334, 4, '2013-07-31', 100, 'N', '0000-00-00'),
(335, 4, '2013-08-01', 100, 'N', '0000-00-00'),
(336, 4, '2013-08-02', 100, 'N', '0000-00-00'),
(337, 4, '2013-08-03', 100, 'N', '0000-00-00'),
(338, 4, '2013-08-04', 100, 'N', '0000-00-00'),
(339, 4, '2013-08-05', 100, 'N', '0000-00-00'),
(340, 4, '2013-08-06', 100, 'N', '0000-00-00'),
(341, 4, '2013-08-07', 100, 'N', '0000-00-00'),
(342, 4, '2013-08-08', 100, 'N', '0000-00-00'),
(343, 4, '2013-08-09', 100, 'N', '0000-00-00'),
(344, 4, '2013-08-10', 100, 'N', '0000-00-00'),
(345, 4, '2013-08-11', 100, 'N', '0000-00-00'),
(346, 4, '2013-08-12', 100, 'N', '0000-00-00'),
(347, 4, '2013-08-13', 100, 'N', '0000-00-00'),
(348, 4, '2013-08-14', 100, 'N', '0000-00-00'),
(349, 4, '2013-08-15', 100, 'N', '0000-00-00'),
(350, 4, '2013-08-16', 100, 'N', '0000-00-00'),
(351, 4, '2013-08-17', 100, 'N', '0000-00-00'),
(352, 4, '2013-08-18', 100, 'N', '0000-00-00'),
(353, 4, '2013-08-19', 100, 'N', '0000-00-00'),
(354, 4, '2013-08-20', 100, 'N', '0000-00-00'),
(355, 4, '2013-08-21', 100, 'N', '0000-00-00'),
(356, 4, '2013-08-22', 100, 'N', '0000-00-00'),
(357, 4, '2013-08-23', 100, 'N', '0000-00-00'),
(358, 4, '2013-08-24', 100, 'N', '0000-00-00'),
(359, 4, '2013-08-25', 100, 'N', '0000-00-00'),
(360, 4, '2013-08-26', 100, 'N', '0000-00-00'),
(361, 4, '2013-08-27', 100, 'N', '0000-00-00'),
(362, 4, '2013-08-28', 100, 'N', '0000-00-00'),
(363, 4, '2013-08-29', 100, 'N', '0000-00-00'),
(364, 4, '2013-08-30', 100, 'N', '0000-00-00'),
(365, 4, '2013-08-31', 100, 'N', '0000-00-00'),
(366, 4, '2013-09-01', 100, 'N', '0000-00-00'),
(367, 4, '2013-09-02', 100, 'N', '0000-00-00'),
(368, 4, '2013-09-03', 100, 'N', '0000-00-00'),
(369, 4, '2013-09-04', 100, 'N', '0000-00-00'),
(370, 4, '2013-09-05', 100, 'N', '0000-00-00'),
(371, 4, '2013-09-06', 100, 'N', '0000-00-00'),
(372, 4, '2013-09-07', 100, 'N', '0000-00-00'),
(373, 4, '2013-09-08', 100, 'N', '0000-00-00'),
(374, 4, '2013-09-09', 100, 'N', '0000-00-00'),
(375, 4, '2013-09-10', 100, 'N', '0000-00-00'),
(376, 4, '2013-09-11', 100, 'N', '0000-00-00'),
(377, 4, '2013-09-12', 100, 'N', '0000-00-00'),
(378, 4, '2013-09-13', 100, 'N', '0000-00-00'),
(379, 4, '2013-09-14', 100, 'N', '0000-00-00'),
(380, 4, '2013-09-15', 100, 'N', '0000-00-00'),
(381, 4, '2013-09-16', 100, 'N', '0000-00-00'),
(382, 4, '2013-09-17', 100, 'N', '0000-00-00'),
(383, 4, '2013-09-18', 100, 'N', '0000-00-00'),
(384, 4, '2013-09-19', 100, 'N', '0000-00-00'),
(385, 4, '2013-09-20', 100, 'N', '0000-00-00'),
(386, 4, '2013-09-21', 100, 'N', '0000-00-00'),
(387, 4, '2013-09-22', 100, 'N', '0000-00-00'),
(388, 4, '2013-09-23', 100, 'N', '0000-00-00'),
(389, 4, '2013-09-24', 100, 'N', '0000-00-00'),
(390, 4, '2013-09-25', 100, 'N', '0000-00-00'),
(391, 4, '2013-09-26', 100, 'N', '0000-00-00'),
(392, 4, '2013-09-27', 100, 'N', '0000-00-00'),
(393, 4, '2013-09-28', 100, 'N', '0000-00-00'),
(394, 4, '2013-09-29', 100, 'N', '0000-00-00'),
(395, 4, '2013-09-30', 100, 'N', '0000-00-00'),
(396, 4, '2013-10-01', 100, 'N', '0000-00-00'),
(397, 4, '2013-10-02', 100, 'N', '0000-00-00'),
(398, 4, '2013-10-03', 100, 'N', '0000-00-00'),
(399, 4, '2013-10-04', 100, 'N', '0000-00-00'),
(400, 4, '2013-10-05', 100, 'N', '0000-00-00'),
(401, 5, '2013-07-02', 100, 'Y', '2013-07-02'),
(402, 5, '2013-07-03', 100, 'Y', '2013-07-03'),
(403, 5, '2013-07-04', 100, 'Y', '2013-07-04'),
(404, 5, '2013-07-05', 100, 'Y', '2013-07-05'),
(405, 5, '2013-07-06', 100, 'Y', '2013-07-06'),
(406, 5, '2013-07-07', 100, 'Y', '2013-07-08'),
(407, 5, '2013-07-08', 100, 'Y', '2013-07-08'),
(408, 5, '2013-07-09', 100, 'Y', '2013-07-09'),
(409, 5, '2013-07-10', 100, 'Y', '2013-07-10'),
(410, 5, '2013-07-11', 100, 'Y', '2013-07-11'),
(411, 5, '2013-07-12', 100, 'Y', '2013-07-15'),
(412, 5, '2013-07-13', 100, 'Y', '2013-07-15'),
(413, 5, '2013-07-14', 100, 'Y', '2013-07-15'),
(414, 5, '2013-07-15', 100, 'Y', '2013-07-15'),
(415, 5, '2013-07-16', 100, 'Y', '2013-07-16'),
(416, 5, '2013-07-17', 100, 'Y', '2013-07-20'),
(417, 5, '2013-07-18', 100, 'N', '0000-00-00'),
(418, 5, '2013-07-19', 100, 'N', '0000-00-00'),
(419, 5, '2013-07-20', 100, 'N', '0000-00-00'),
(420, 5, '2013-07-21', 100, 'N', '0000-00-00'),
(421, 5, '2013-07-22', 100, 'N', '0000-00-00'),
(422, 5, '2013-07-23', 100, 'N', '0000-00-00'),
(423, 5, '2013-07-24', 100, 'N', '0000-00-00'),
(424, 5, '2013-07-25', 100, 'N', '0000-00-00'),
(425, 5, '2013-07-26', 100, 'N', '0000-00-00'),
(426, 5, '2013-07-27', 100, 'N', '0000-00-00'),
(427, 5, '2013-07-28', 100, 'N', '0000-00-00'),
(428, 5, '2013-07-29', 100, 'N', '0000-00-00'),
(429, 5, '2013-07-30', 100, 'N', '0000-00-00'),
(430, 5, '2013-07-31', 100, 'N', '0000-00-00'),
(431, 5, '2013-08-01', 100, 'N', '0000-00-00'),
(432, 5, '2013-08-02', 100, 'N', '0000-00-00'),
(433, 5, '2013-08-03', 100, 'N', '0000-00-00'),
(434, 5, '2013-08-04', 100, 'N', '0000-00-00'),
(435, 5, '2013-08-05', 100, 'N', '0000-00-00'),
(436, 5, '2013-08-06', 100, 'N', '0000-00-00'),
(437, 5, '2013-08-07', 100, 'N', '0000-00-00'),
(438, 5, '2013-08-08', 100, 'N', '0000-00-00'),
(439, 5, '2013-08-09', 100, 'N', '0000-00-00'),
(440, 5, '2013-08-10', 100, 'N', '0000-00-00'),
(441, 5, '2013-08-11', 100, 'N', '0000-00-00'),
(442, 5, '2013-08-12', 100, 'N', '0000-00-00'),
(443, 5, '2013-08-13', 100, 'N', '0000-00-00'),
(444, 5, '2013-08-14', 100, 'N', '0000-00-00'),
(445, 5, '2013-08-15', 100, 'N', '0000-00-00'),
(446, 5, '2013-08-16', 100, 'N', '0000-00-00'),
(447, 5, '2013-08-17', 100, 'N', '0000-00-00'),
(448, 5, '2013-08-18', 100, 'N', '0000-00-00'),
(449, 5, '2013-08-19', 100, 'N', '0000-00-00'),
(450, 5, '2013-08-20', 100, 'N', '0000-00-00'),
(451, 5, '2013-08-21', 100, 'N', '0000-00-00'),
(452, 5, '2013-08-22', 100, 'N', '0000-00-00'),
(453, 5, '2013-08-23', 100, 'N', '0000-00-00'),
(454, 5, '2013-08-24', 100, 'N', '0000-00-00'),
(455, 5, '2013-08-25', 100, 'N', '0000-00-00'),
(456, 5, '2013-08-26', 100, 'N', '0000-00-00'),
(457, 5, '2013-08-27', 100, 'N', '0000-00-00'),
(458, 5, '2013-08-28', 100, 'N', '0000-00-00'),
(459, 5, '2013-08-29', 100, 'N', '0000-00-00'),
(460, 5, '2013-08-30', 100, 'N', '0000-00-00'),
(461, 5, '2013-08-31', 100, 'N', '0000-00-00'),
(462, 5, '2013-09-01', 100, 'N', '0000-00-00'),
(463, 5, '2013-09-02', 100, 'N', '0000-00-00'),
(464, 5, '2013-09-03', 100, 'N', '0000-00-00'),
(465, 5, '2013-09-04', 100, 'N', '0000-00-00'),
(466, 5, '2013-09-05', 100, 'N', '0000-00-00'),
(467, 5, '2013-09-06', 100, 'N', '0000-00-00'),
(468, 5, '2013-09-07', 100, 'N', '0000-00-00'),
(469, 5, '2013-09-08', 100, 'N', '0000-00-00'),
(470, 5, '2013-09-09', 100, 'N', '0000-00-00'),
(471, 5, '2013-09-10', 100, 'N', '0000-00-00'),
(472, 5, '2013-09-11', 100, 'N', '0000-00-00'),
(473, 5, '2013-09-12', 100, 'N', '0000-00-00'),
(474, 5, '2013-09-13', 100, 'N', '0000-00-00'),
(475, 5, '2013-09-14', 100, 'N', '0000-00-00'),
(476, 5, '2013-09-15', 100, 'N', '0000-00-00'),
(477, 5, '2013-09-16', 100, 'N', '0000-00-00'),
(478, 5, '2013-09-17', 100, 'N', '0000-00-00'),
(479, 5, '2013-09-18', 100, 'N', '0000-00-00'),
(480, 5, '2013-09-19', 100, 'N', '0000-00-00'),
(481, 5, '2013-09-20', 100, 'N', '0000-00-00'),
(482, 5, '2013-09-21', 100, 'N', '0000-00-00'),
(483, 5, '2013-09-22', 100, 'N', '0000-00-00'),
(484, 5, '2013-09-23', 100, 'N', '0000-00-00'),
(485, 5, '2013-09-24', 100, 'N', '0000-00-00'),
(486, 5, '2013-09-25', 100, 'N', '0000-00-00'),
(487, 5, '2013-09-26', 100, 'N', '0000-00-00'),
(488, 5, '2013-09-27', 100, 'N', '0000-00-00'),
(489, 5, '2013-09-28', 100, 'N', '0000-00-00'),
(490, 5, '2013-09-29', 100, 'N', '0000-00-00'),
(491, 5, '2013-09-30', 100, 'N', '0000-00-00'),
(492, 5, '2013-10-01', 100, 'N', '0000-00-00'),
(493, 5, '2013-10-02', 100, 'N', '0000-00-00'),
(494, 5, '2013-10-03', 100, 'N', '0000-00-00'),
(495, 5, '2013-10-04', 100, 'N', '0000-00-00'),
(496, 5, '2013-10-05', 100, 'N', '0000-00-00'),
(497, 5, '2013-10-06', 100, 'N', '0000-00-00'),
(498, 5, '2013-10-07', 100, 'N', '0000-00-00'),
(499, 5, '2013-10-08', 100, 'N', '0000-00-00'),
(500, 5, '2013-10-09', 100, 'N', '0000-00-00'),
(601, 7, '2013-07-04', 100, 'Y', '2013-07-04'),
(602, 7, '2013-07-05', 100, 'Y', '2013-07-04'),
(603, 7, '2013-07-06', 100, 'Y', '2013-07-04'),
(604, 7, '2013-07-07', 100, 'Y', '2013-07-04'),
(605, 7, '2013-07-08', 100, 'Y', '2013-07-04'),
(606, 7, '2013-07-09', 100, 'Y', '2013-07-04'),
(607, 7, '2013-07-10', 100, 'Y', '2013-07-04'),
(608, 7, '2013-07-11', 100, 'Y', '2013-07-04'),
(609, 7, '2013-07-12', 100, 'Y', '2013-07-04'),
(610, 7, '2013-07-13', 100, 'Y', '2013-07-04'),
(611, 7, '2013-07-14', 100, 'Y', '2013-07-16'),
(612, 7, '2013-07-15', 100, 'Y', '2013-07-16'),
(613, 7, '2013-07-16', 100, 'Y', '2013-07-19'),
(614, 7, '2013-07-17', 100, 'Y', '2013-07-19'),
(615, 7, '2013-07-18', 100, 'Y', '2013-07-19'),
(616, 7, '2013-07-19', 100, 'Y', '2013-07-19'),
(617, 7, '2013-07-20', 100, 'N', '0000-00-00'),
(618, 7, '2013-07-21', 100, 'N', '0000-00-00'),
(619, 7, '2013-07-22', 100, 'N', '0000-00-00'),
(620, 7, '2013-07-23', 100, 'N', '0000-00-00'),
(621, 7, '2013-07-24', 100, 'N', '0000-00-00'),
(622, 7, '2013-07-25', 100, 'N', '0000-00-00'),
(623, 7, '2013-07-26', 100, 'N', '0000-00-00'),
(624, 7, '2013-07-27', 100, 'N', '0000-00-00'),
(625, 7, '2013-07-28', 100, 'N', '0000-00-00'),
(626, 7, '2013-07-29', 100, 'N', '0000-00-00'),
(627, 7, '2013-07-30', 100, 'N', '0000-00-00'),
(628, 7, '2013-07-31', 100, 'N', '0000-00-00'),
(629, 7, '2013-08-01', 100, 'N', '0000-00-00'),
(630, 7, '2013-08-02', 100, 'N', '0000-00-00'),
(631, 7, '2013-08-03', 100, 'N', '0000-00-00'),
(632, 7, '2013-08-04', 100, 'N', '0000-00-00'),
(633, 7, '2013-08-05', 100, 'N', '0000-00-00'),
(634, 7, '2013-08-06', 100, 'N', '0000-00-00'),
(635, 7, '2013-08-07', 100, 'N', '0000-00-00'),
(636, 7, '2013-08-08', 100, 'N', '0000-00-00'),
(637, 7, '2013-08-09', 100, 'N', '0000-00-00'),
(638, 7, '2013-08-10', 100, 'N', '0000-00-00'),
(639, 7, '2013-08-11', 100, 'N', '0000-00-00'),
(640, 7, '2013-08-12', 100, 'N', '0000-00-00'),
(641, 7, '2013-08-13', 100, 'N', '0000-00-00'),
(642, 7, '2013-08-14', 100, 'N', '0000-00-00'),
(643, 7, '2013-08-15', 100, 'N', '0000-00-00'),
(644, 7, '2013-08-16', 100, 'N', '0000-00-00'),
(645, 7, '2013-08-17', 100, 'N', '0000-00-00'),
(646, 7, '2013-08-18', 100, 'N', '0000-00-00'),
(647, 7, '2013-08-19', 100, 'N', '0000-00-00'),
(648, 7, '2013-08-20', 100, 'N', '0000-00-00'),
(649, 7, '2013-08-21', 100, 'N', '0000-00-00'),
(650, 7, '2013-08-22', 100, 'N', '0000-00-00'),
(651, 7, '2013-08-23', 100, 'N', '0000-00-00'),
(652, 7, '2013-08-24', 100, 'N', '0000-00-00'),
(653, 7, '2013-08-25', 100, 'N', '0000-00-00'),
(654, 7, '2013-08-26', 100, 'N', '0000-00-00'),
(655, 7, '2013-08-27', 100, 'N', '0000-00-00'),
(656, 7, '2013-08-28', 100, 'N', '0000-00-00'),
(657, 7, '2013-08-29', 100, 'N', '0000-00-00'),
(658, 7, '2013-08-30', 100, 'N', '0000-00-00'),
(659, 7, '2013-08-31', 100, 'N', '0000-00-00'),
(660, 7, '2013-09-01', 100, 'N', '0000-00-00'),
(661, 7, '2013-09-02', 100, 'N', '0000-00-00'),
(662, 7, '2013-09-03', 100, 'N', '0000-00-00'),
(663, 7, '2013-09-04', 100, 'N', '0000-00-00'),
(664, 7, '2013-09-05', 100, 'N', '0000-00-00'),
(665, 7, '2013-09-06', 100, 'N', '0000-00-00'),
(666, 7, '2013-09-07', 100, 'N', '0000-00-00'),
(667, 7, '2013-09-08', 100, 'N', '0000-00-00'),
(668, 7, '2013-09-09', 100, 'N', '0000-00-00'),
(669, 7, '2013-09-10', 100, 'N', '0000-00-00'),
(670, 7, '2013-09-11', 100, 'N', '0000-00-00'),
(671, 7, '2013-09-12', 100, 'N', '0000-00-00'),
(672, 7, '2013-09-13', 100, 'N', '0000-00-00'),
(673, 7, '2013-09-14', 100, 'N', '0000-00-00'),
(674, 7, '2013-09-15', 100, 'N', '0000-00-00'),
(675, 7, '2013-09-16', 100, 'N', '0000-00-00'),
(676, 7, '2013-09-17', 100, 'N', '0000-00-00'),
(677, 7, '2013-09-18', 100, 'N', '0000-00-00'),
(678, 7, '2013-09-19', 100, 'N', '0000-00-00'),
(679, 7, '2013-09-20', 100, 'N', '0000-00-00'),
(680, 7, '2013-09-21', 100, 'N', '0000-00-00'),
(681, 7, '2013-09-22', 100, 'N', '0000-00-00'),
(682, 7, '2013-09-23', 100, 'N', '0000-00-00'),
(683, 7, '2013-09-24', 100, 'N', '0000-00-00'),
(684, 7, '2013-09-25', 100, 'N', '0000-00-00'),
(685, 7, '2013-09-26', 100, 'N', '0000-00-00'),
(686, 7, '2013-09-27', 100, 'N', '0000-00-00'),
(687, 7, '2013-09-28', 100, 'N', '0000-00-00'),
(688, 7, '2013-09-29', 100, 'N', '0000-00-00'),
(689, 7, '2013-09-30', 100, 'N', '0000-00-00'),
(690, 7, '2013-10-01', 100, 'N', '0000-00-00'),
(691, 7, '2013-10-02', 100, 'N', '0000-00-00'),
(692, 7, '2013-10-03', 100, 'N', '0000-00-00'),
(693, 7, '2013-10-04', 100, 'N', '0000-00-00'),
(694, 7, '2013-10-05', 100, 'N', '0000-00-00'),
(695, 7, '2013-10-06', 100, 'N', '0000-00-00'),
(696, 7, '2013-10-07', 100, 'N', '0000-00-00'),
(697, 7, '2013-10-08', 100, 'N', '0000-00-00'),
(698, 7, '2013-10-09', 100, 'N', '0000-00-00'),
(699, 7, '2013-10-10', 100, 'N', '0000-00-00'),
(700, 7, '2013-10-11', 100, 'N', '0000-00-00'),
(701, 6, '2013-07-03', 300, 'Y', '2013-07-03'),
(702, 6, '2013-07-04', 300, 'Y', '2013-07-04'),
(703, 6, '2013-07-05', 300, 'Y', '2013-07-05'),
(704, 6, '2013-07-06', 300, 'Y', '2013-07-06'),
(705, 6, '2013-07-07', 300, 'Y', '2013-07-08'),
(706, 6, '2013-07-08', 300, 'Y', '2013-07-08'),
(707, 6, '2013-07-09', 300, 'Y', '2013-07-09'),
(708, 6, '2013-07-10', 300, 'Y', '2013-07-10'),
(709, 6, '2013-07-11', 300, 'Y', '2013-07-11'),
(710, 6, '2013-07-12', 300, 'Y', '2013-07-16'),
(711, 6, '2013-07-13', 300, 'Y', '2013-07-15'),
(712, 6, '2013-07-14', 300, 'Y', '2013-07-16'),
(713, 6, '2013-07-15', 300, 'Y', '2013-07-16'),
(714, 6, '2013-07-16', 300, 'Y', '2013-07-16'),
(715, 6, '2013-07-17', 300, 'N', '0000-00-00'),
(716, 6, '2013-07-18', 300, 'N', '0000-00-00'),
(717, 6, '2013-07-19', 300, 'N', '0000-00-00'),
(718, 6, '2013-07-20', 300, 'N', '0000-00-00'),
(719, 6, '2013-07-21', 300, 'N', '0000-00-00'),
(720, 6, '2013-07-22', 300, 'N', '0000-00-00'),
(721, 6, '2013-07-23', 300, 'N', '0000-00-00'),
(722, 6, '2013-07-24', 300, 'N', '0000-00-00'),
(723, 6, '2013-07-25', 300, 'N', '0000-00-00'),
(724, 6, '2013-07-26', 300, 'N', '0000-00-00'),
(725, 6, '2013-07-27', 300, 'N', '0000-00-00'),
(726, 6, '2013-07-28', 300, 'N', '0000-00-00'),
(727, 6, '2013-07-29', 300, 'N', '0000-00-00'),
(728, 6, '2013-07-30', 300, 'N', '0000-00-00'),
(729, 6, '2013-07-31', 300, 'N', '0000-00-00'),
(730, 6, '2013-08-01', 300, 'N', '0000-00-00'),
(731, 6, '2013-08-02', 300, 'N', '0000-00-00'),
(732, 6, '2013-08-03', 300, 'N', '0000-00-00'),
(733, 6, '2013-08-04', 300, 'N', '0000-00-00'),
(734, 6, '2013-08-05', 300, 'N', '0000-00-00'),
(735, 6, '2013-08-06', 300, 'N', '0000-00-00'),
(736, 6, '2013-08-07', 300, 'N', '0000-00-00'),
(737, 6, '2013-08-08', 300, 'N', '0000-00-00'),
(738, 6, '2013-08-09', 300, 'N', '0000-00-00'),
(739, 6, '2013-08-10', 300, 'N', '0000-00-00'),
(740, 6, '2013-08-11', 300, 'N', '0000-00-00'),
(741, 6, '2013-08-12', 300, 'N', '0000-00-00'),
(742, 6, '2013-08-13', 300, 'N', '0000-00-00'),
(743, 6, '2013-08-14', 300, 'N', '0000-00-00'),
(744, 6, '2013-08-15', 300, 'N', '0000-00-00'),
(745, 6, '2013-08-16', 300, 'N', '0000-00-00'),
(746, 6, '2013-08-17', 300, 'N', '0000-00-00'),
(747, 6, '2013-08-18', 300, 'N', '0000-00-00'),
(748, 6, '2013-08-19', 300, 'N', '0000-00-00'),
(749, 6, '2013-08-20', 300, 'N', '0000-00-00'),
(750, 6, '2013-08-21', 300, 'N', '0000-00-00'),
(751, 6, '2013-08-22', 300, 'N', '0000-00-00'),
(752, 6, '2013-08-23', 300, 'N', '0000-00-00'),
(753, 6, '2013-08-24', 300, 'N', '0000-00-00'),
(754, 6, '2013-08-25', 300, 'N', '0000-00-00'),
(755, 6, '2013-08-26', 300, 'N', '0000-00-00'),
(756, 6, '2013-08-27', 300, 'N', '0000-00-00'),
(757, 6, '2013-08-28', 300, 'N', '0000-00-00'),
(758, 6, '2013-08-29', 300, 'N', '0000-00-00'),
(759, 6, '2013-08-30', 300, 'N', '0000-00-00'),
(760, 6, '2013-08-31', 300, 'N', '0000-00-00'),
(761, 6, '2013-09-01', 300, 'N', '0000-00-00'),
(762, 6, '2013-09-02', 300, 'N', '0000-00-00'),
(763, 6, '2013-09-03', 300, 'N', '0000-00-00'),
(764, 6, '2013-09-04', 300, 'N', '0000-00-00'),
(765, 6, '2013-09-05', 300, 'N', '0000-00-00'),
(766, 6, '2013-09-06', 300, 'N', '0000-00-00'),
(767, 6, '2013-09-07', 300, 'N', '0000-00-00'),
(768, 6, '2013-09-08', 300, 'N', '0000-00-00'),
(769, 6, '2013-09-09', 300, 'N', '0000-00-00'),
(770, 6, '2013-09-10', 300, 'N', '0000-00-00'),
(771, 6, '2013-09-11', 300, 'N', '0000-00-00'),
(772, 6, '2013-09-12', 300, 'N', '0000-00-00'),
(773, 6, '2013-09-13', 300, 'N', '0000-00-00'),
(774, 6, '2013-09-14', 300, 'N', '0000-00-00'),
(775, 6, '2013-09-15', 300, 'N', '0000-00-00'),
(776, 6, '2013-09-16', 300, 'N', '0000-00-00'),
(777, 6, '2013-09-17', 300, 'N', '0000-00-00'),
(778, 6, '2013-09-18', 300, 'N', '0000-00-00'),
(779, 6, '2013-09-19', 300, 'N', '0000-00-00'),
(780, 6, '2013-09-20', 300, 'N', '0000-00-00'),
(781, 6, '2013-09-21', 300, 'N', '0000-00-00'),
(782, 6, '2013-09-22', 300, 'N', '0000-00-00'),
(783, 6, '2013-09-23', 300, 'N', '0000-00-00'),
(784, 6, '2013-09-24', 300, 'N', '0000-00-00'),
(785, 6, '2013-09-25', 300, 'N', '0000-00-00'),
(786, 6, '2013-09-26', 300, 'N', '0000-00-00'),
(787, 6, '2013-09-27', 300, 'N', '0000-00-00'),
(788, 6, '2013-09-28', 300, 'N', '0000-00-00'),
(789, 6, '2013-09-29', 300, 'N', '0000-00-00'),
(790, 6, '2013-09-30', 300, 'N', '0000-00-00'),
(791, 6, '2013-10-01', 300, 'N', '0000-00-00'),
(792, 6, '2013-10-02', 300, 'N', '0000-00-00'),
(793, 6, '2013-10-03', 300, 'N', '0000-00-00'),
(794, 6, '2013-10-04', 300, 'N', '0000-00-00'),
(795, 6, '2013-10-05', 300, 'N', '0000-00-00'),
(796, 6, '2013-10-06', 300, 'N', '0000-00-00'),
(797, 6, '2013-10-07', 300, 'N', '0000-00-00'),
(798, 6, '2013-10-08', 300, 'N', '0000-00-00'),
(799, 6, '2013-10-09', 300, 'N', '0000-00-00'),
(800, 6, '2013-10-10', 300, 'N', '0000-00-00'),
(901, 8, '2013-07-04', 500, 'Y', '2013-07-04'),
(902, 8, '2013-07-05', 500, 'Y', '2013-07-04'),
(903, 8, '2013-07-06', 500, 'Y', '2013-07-04'),
(904, 8, '2013-07-07', 500, 'Y', '2013-07-04'),
(905, 8, '2013-07-08', 500, 'Y', '2013-07-04'),
(906, 8, '2013-07-09', 500, 'Y', '2013-07-04'),
(907, 8, '2013-07-10', 500, 'Y', '2013-07-04'),
(908, 8, '2013-07-11', 500, 'Y', '2013-07-04'),
(909, 8, '2013-07-12', 500, 'Y', '2013-07-17'),
(910, 8, '2013-07-13', 500, 'Y', '2013-07-17'),
(911, 8, '2013-07-14', 500, 'Y', '2013-07-17'),
(912, 8, '2013-07-15', 500, 'Y', '2013-07-17'),
(913, 8, '2013-07-16', 500, 'Y', '2013-07-17'),
(914, 8, '2013-07-17', 500, 'Y', '2013-07-17'),
(915, 8, '2013-07-18', 500, 'Y', '2013-07-22'),
(916, 8, '2013-07-19', 500, 'Y', '2013-07-22'),
(917, 8, '2013-07-20', 500, 'N', '0000-00-00'),
(918, 8, '2013-07-21', 500, 'N', '0000-00-00'),
(919, 8, '2013-07-22', 500, 'N', '0000-00-00'),
(920, 8, '2013-07-23', 500, 'N', '0000-00-00'),
(921, 8, '2013-07-24', 500, 'N', '0000-00-00'),
(922, 8, '2013-07-25', 500, 'N', '0000-00-00'),
(923, 8, '2013-07-26', 500, 'N', '0000-00-00'),
(924, 8, '2013-07-27', 500, 'N', '0000-00-00'),
(925, 8, '2013-07-28', 500, 'N', '0000-00-00'),
(926, 8, '2013-07-29', 500, 'N', '0000-00-00'),
(927, 8, '2013-07-30', 500, 'N', '0000-00-00'),
(928, 8, '2013-07-31', 500, 'N', '0000-00-00'),
(929, 8, '2013-08-01', 500, 'N', '0000-00-00'),
(930, 8, '2013-08-02', 500, 'N', '0000-00-00'),
(931, 8, '2013-08-03', 500, 'N', '0000-00-00'),
(932, 8, '2013-08-04', 500, 'N', '0000-00-00'),
(933, 8, '2013-08-05', 500, 'N', '0000-00-00'),
(934, 8, '2013-08-06', 500, 'N', '0000-00-00'),
(935, 8, '2013-08-07', 500, 'N', '0000-00-00'),
(936, 8, '2013-08-08', 500, 'N', '0000-00-00'),
(937, 8, '2013-08-09', 500, 'N', '0000-00-00'),
(938, 8, '2013-08-10', 500, 'N', '0000-00-00'),
(939, 8, '2013-08-11', 500, 'N', '0000-00-00'),
(940, 8, '2013-08-12', 500, 'N', '0000-00-00'),
(941, 8, '2013-08-13', 500, 'N', '0000-00-00'),
(942, 8, '2013-08-14', 500, 'N', '0000-00-00'),
(943, 8, '2013-08-15', 500, 'N', '0000-00-00'),
(944, 8, '2013-08-16', 500, 'N', '0000-00-00'),
(945, 8, '2013-08-17', 500, 'N', '0000-00-00'),
(946, 8, '2013-08-18', 500, 'N', '0000-00-00'),
(947, 8, '2013-08-19', 500, 'N', '0000-00-00'),
(948, 8, '2013-08-20', 500, 'N', '0000-00-00'),
(949, 8, '2013-08-21', 500, 'N', '0000-00-00'),
(950, 8, '2013-08-22', 500, 'N', '0000-00-00'),
(951, 8, '2013-08-23', 500, 'N', '0000-00-00'),
(952, 8, '2013-08-24', 500, 'N', '0000-00-00'),
(953, 8, '2013-08-25', 500, 'N', '0000-00-00'),
(954, 8, '2013-08-26', 500, 'N', '0000-00-00'),
(955, 8, '2013-08-27', 500, 'N', '0000-00-00'),
(956, 8, '2013-08-28', 500, 'N', '0000-00-00'),
(957, 8, '2013-08-29', 500, 'N', '0000-00-00'),
(958, 8, '2013-08-30', 500, 'N', '0000-00-00'),
(959, 8, '2013-08-31', 500, 'N', '0000-00-00'),
(960, 8, '2013-09-01', 500, 'N', '0000-00-00'),
(961, 8, '2013-09-02', 500, 'N', '0000-00-00'),
(962, 8, '2013-09-03', 500, 'N', '0000-00-00'),
(963, 8, '2013-09-04', 500, 'N', '0000-00-00'),
(964, 8, '2013-09-05', 500, 'N', '0000-00-00'),
(965, 8, '2013-09-06', 500, 'N', '0000-00-00'),
(966, 8, '2013-09-07', 500, 'N', '0000-00-00'),
(967, 8, '2013-09-08', 500, 'N', '0000-00-00'),
(968, 8, '2013-09-09', 500, 'N', '0000-00-00'),
(969, 8, '2013-09-10', 500, 'N', '0000-00-00'),
(970, 8, '2013-09-11', 500, 'N', '0000-00-00'),
(971, 8, '2013-09-12', 500, 'N', '0000-00-00'),
(972, 8, '2013-09-13', 500, 'N', '0000-00-00'),
(973, 8, '2013-09-14', 500, 'N', '0000-00-00'),
(974, 8, '2013-09-15', 500, 'N', '0000-00-00'),
(975, 8, '2013-09-16', 500, 'N', '0000-00-00'),
(976, 8, '2013-09-17', 500, 'N', '0000-00-00'),
(977, 8, '2013-09-18', 500, 'N', '0000-00-00'),
(978, 8, '2013-09-19', 500, 'N', '0000-00-00'),
(979, 8, '2013-09-20', 500, 'N', '0000-00-00'),
(980, 8, '2013-09-21', 500, 'N', '0000-00-00'),
(981, 8, '2013-09-22', 500, 'N', '0000-00-00'),
(982, 8, '2013-09-23', 500, 'N', '0000-00-00'),
(983, 8, '2013-09-24', 500, 'N', '0000-00-00'),
(984, 8, '2013-09-25', 500, 'N', '0000-00-00'),
(985, 8, '2013-09-26', 500, 'N', '0000-00-00'),
(986, 8, '2013-09-27', 500, 'N', '0000-00-00'),
(987, 8, '2013-09-28', 500, 'N', '0000-00-00'),
(988, 8, '2013-09-29', 500, 'N', '0000-00-00'),
(989, 8, '2013-09-30', 500, 'N', '0000-00-00'),
(990, 8, '2013-10-01', 500, 'N', '0000-00-00'),
(991, 8, '2013-10-02', 500, 'N', '0000-00-00'),
(992, 8, '2013-10-03', 500, 'N', '0000-00-00'),
(993, 8, '2013-10-04', 500, 'N', '0000-00-00'),
(994, 8, '2013-10-05', 500, 'N', '0000-00-00'),
(995, 8, '2013-10-06', 500, 'N', '0000-00-00'),
(996, 8, '2013-10-07', 500, 'N', '0000-00-00'),
(997, 8, '2013-10-08', 500, 'N', '0000-00-00'),
(998, 8, '2013-10-09', 500, 'N', '0000-00-00'),
(999, 8, '2013-10-10', 500, 'N', '0000-00-00'),
(1000, 8, '2013-10-11', 500, 'N', '0000-00-00'),
(1201, 10, '2013-07-04', 500, 'Y', '2013-07-04'),
(1202, 10, '2013-07-05', 500, 'Y', '2013-07-05'),
(1203, 10, '2013-07-06', 500, 'Y', '2013-07-06'),
(1204, 10, '2013-07-07', 500, 'Y', '2013-07-07'),
(1205, 10, '2013-07-08', 500, 'Y', '2013-07-08'),
(1206, 10, '2013-07-09', 500, 'Y', '2013-07-09'),
(1207, 10, '2013-07-10', 500, 'Y', '2013-07-09'),
(1208, 10, '2013-07-11', 500, 'Y', '2013-07-11'),
(1209, 10, '2013-07-12', 500, 'Y', '2013-07-12'),
(1210, 10, '2013-07-13', 500, 'Y', '2013-07-15'),
(1211, 10, '2013-07-14', 500, 'Y', '2013-07-15'),
(1212, 10, '2013-07-15', 500, 'Y', '2013-07-15'),
(1213, 10, '2013-07-16', 500, 'Y', '2013-07-16'),
(1214, 10, '2013-07-17', 500, 'Y', '2013-07-22'),
(1215, 10, '2013-07-18', 500, 'N', '0000-00-00'),
(1216, 10, '2013-07-19', 500, 'N', '0000-00-00'),
(1217, 10, '2013-07-20', 500, 'N', '0000-00-00'),
(1218, 10, '2013-07-21', 500, 'N', '0000-00-00'),
(1219, 10, '2013-07-22', 500, 'N', '0000-00-00'),
(1220, 10, '2013-07-23', 500, 'N', '0000-00-00'),
(1221, 10, '2013-07-24', 500, 'N', '0000-00-00'),
(1222, 10, '2013-07-25', 500, 'N', '0000-00-00'),
(1223, 10, '2013-07-26', 500, 'N', '0000-00-00'),
(1224, 10, '2013-07-27', 500, 'N', '0000-00-00'),
(1225, 10, '2013-07-28', 500, 'N', '0000-00-00'),
(1226, 10, '2013-07-29', 500, 'N', '0000-00-00'),
(1227, 10, '2013-07-30', 500, 'N', '0000-00-00'),
(1228, 10, '2013-07-31', 500, 'N', '0000-00-00'),
(1229, 10, '2013-08-01', 500, 'N', '0000-00-00'),
(1230, 10, '2013-08-02', 500, 'N', '0000-00-00'),
(1231, 10, '2013-08-03', 500, 'N', '0000-00-00'),
(1232, 10, '2013-08-04', 500, 'N', '0000-00-00'),
(1233, 10, '2013-08-05', 500, 'N', '0000-00-00'),
(1234, 10, '2013-08-06', 500, 'N', '0000-00-00'),
(1235, 10, '2013-08-07', 500, 'N', '0000-00-00'),
(1236, 10, '2013-08-08', 500, 'N', '0000-00-00'),
(1237, 10, '2013-08-09', 500, 'N', '0000-00-00'),
(1238, 10, '2013-08-10', 500, 'N', '0000-00-00'),
(1239, 10, '2013-08-11', 500, 'N', '0000-00-00'),
(1240, 10, '2013-08-12', 500, 'N', '0000-00-00'),
(1241, 10, '2013-08-13', 500, 'N', '0000-00-00'),
(1242, 10, '2013-08-14', 500, 'N', '0000-00-00'),
(1243, 10, '2013-08-15', 500, 'N', '0000-00-00'),
(1244, 10, '2013-08-16', 500, 'N', '0000-00-00'),
(1245, 10, '2013-08-17', 500, 'N', '0000-00-00'),
(1246, 10, '2013-08-18', 500, 'N', '0000-00-00'),
(1247, 10, '2013-08-19', 500, 'N', '0000-00-00'),
(1248, 10, '2013-08-20', 500, 'N', '0000-00-00'),
(1249, 10, '2013-08-21', 500, 'N', '0000-00-00'),
(1250, 10, '2013-08-22', 500, 'N', '0000-00-00'),
(1251, 10, '2013-08-23', 500, 'N', '0000-00-00'),
(1252, 10, '2013-08-24', 500, 'N', '0000-00-00'),
(1253, 10, '2013-08-25', 500, 'N', '0000-00-00'),
(1254, 10, '2013-08-26', 500, 'N', '0000-00-00'),
(1255, 10, '2013-08-27', 500, 'N', '0000-00-00'),
(1256, 10, '2013-08-28', 500, 'N', '0000-00-00'),
(1257, 10, '2013-08-29', 500, 'N', '0000-00-00'),
(1258, 10, '2013-08-30', 500, 'N', '0000-00-00'),
(1259, 10, '2013-08-31', 500, 'N', '0000-00-00'),
(1260, 10, '2013-09-01', 500, 'N', '0000-00-00'),
(1261, 10, '2013-09-02', 500, 'N', '0000-00-00'),
(1262, 10, '2013-09-03', 500, 'N', '0000-00-00'),
(1263, 10, '2013-09-04', 500, 'N', '0000-00-00'),
(1264, 10, '2013-09-05', 500, 'N', '0000-00-00'),
(1265, 10, '2013-09-06', 500, 'N', '0000-00-00'),
(1266, 10, '2013-09-07', 500, 'N', '0000-00-00'),
(1267, 10, '2013-09-08', 500, 'N', '0000-00-00'),
(1268, 10, '2013-09-09', 500, 'N', '0000-00-00'),
(1269, 10, '2013-09-10', 500, 'N', '0000-00-00'),
(1270, 10, '2013-09-11', 500, 'N', '0000-00-00'),
(1271, 10, '2013-09-12', 500, 'N', '0000-00-00'),
(1272, 10, '2013-09-13', 500, 'N', '0000-00-00'),
(1273, 10, '2013-09-14', 500, 'N', '0000-00-00'),
(1274, 10, '2013-09-15', 500, 'N', '0000-00-00'),
(1275, 10, '2013-09-16', 500, 'N', '0000-00-00'),
(1276, 10, '2013-09-17', 500, 'N', '0000-00-00'),
(1277, 10, '2013-09-18', 500, 'N', '0000-00-00'),
(1278, 10, '2013-09-19', 500, 'N', '0000-00-00'),
(1279, 10, '2013-09-20', 500, 'N', '0000-00-00'),
(1280, 10, '2013-09-21', 500, 'N', '0000-00-00'),
(1281, 10, '2013-09-22', 500, 'N', '0000-00-00'),
(1282, 10, '2013-09-23', 500, 'N', '0000-00-00'),
(1283, 10, '2013-09-24', 500, 'N', '0000-00-00'),
(1284, 10, '2013-09-25', 500, 'N', '0000-00-00'),
(1285, 10, '2013-09-26', 500, 'N', '0000-00-00'),
(1286, 10, '2013-09-27', 500, 'N', '0000-00-00'),
(1287, 10, '2013-09-28', 500, 'N', '0000-00-00'),
(1288, 10, '2013-09-29', 500, 'N', '0000-00-00'),
(1289, 10, '2013-09-30', 500, 'N', '0000-00-00'),
(1290, 10, '2013-10-01', 500, 'N', '0000-00-00'),
(1291, 10, '2013-10-02', 500, 'N', '0000-00-00'),
(1292, 10, '2013-10-03', 500, 'N', '0000-00-00'),
(1293, 10, '2013-10-04', 500, 'N', '0000-00-00'),
(1294, 10, '2013-10-05', 500, 'N', '0000-00-00'),
(1295, 10, '2013-10-06', 500, 'N', '0000-00-00'),
(1296, 10, '2013-10-07', 500, 'N', '0000-00-00'),
(1297, 10, '2013-10-08', 500, 'N', '0000-00-00'),
(1298, 10, '2013-10-09', 500, 'N', '0000-00-00'),
(1299, 10, '2013-10-10', 500, 'N', '0000-00-00'),
(1300, 10, '2013-10-11', 500, 'N', '0000-00-00'),
(1401, 9, '2013-07-04', 500, 'Y', '2013-07-04'),
(1402, 9, '2013-07-05', 500, 'Y', '2013-07-05'),
(1403, 9, '2013-07-06', 500, 'Y', '2013-07-06'),
(1404, 9, '2013-07-07', 500, 'Y', '2013-07-11'),
(1405, 9, '2013-07-08', 500, 'Y', '2013-07-11'),
(1406, 9, '2013-07-09', 500, 'Y', '2013-07-11'),
(1407, 9, '2013-07-10', 500, 'Y', '2013-07-11'),
(1408, 9, '2013-07-11', 500, 'Y', '2013-07-11'),
(1409, 9, '2013-07-12', 500, 'Y', '2013-07-16'),
(1410, 9, '2013-07-13', 500, 'Y', '2013-07-16'),
(1411, 9, '2013-07-14', 500, 'Y', '2013-07-22'),
(1412, 9, '2013-07-15', 500, 'Y', '2013-07-22'),
(1413, 9, '2013-07-16', 500, 'Y', '2013-07-22'),
(1414, 9, '2013-07-17', 500, 'Y', '2013-07-22'),
(1415, 9, '2013-07-18', 500, 'N', '0000-00-00'),
(1416, 9, '2013-07-19', 500, 'N', '0000-00-00'),
(1417, 9, '2013-07-20', 500, 'N', '0000-00-00'),
(1418, 9, '2013-07-21', 500, 'N', '0000-00-00'),
(1419, 9, '2013-07-22', 500, 'N', '0000-00-00'),
(1420, 9, '2013-07-23', 500, 'N', '0000-00-00'),
(1421, 9, '2013-07-24', 500, 'N', '0000-00-00'),
(1422, 9, '2013-07-25', 500, 'N', '0000-00-00'),
(1423, 9, '2013-07-26', 500, 'N', '0000-00-00'),
(1424, 9, '2013-07-27', 500, 'N', '0000-00-00'),
(1425, 9, '2013-07-28', 500, 'N', '0000-00-00'),
(1426, 9, '2013-07-29', 500, 'N', '0000-00-00'),
(1427, 9, '2013-07-30', 500, 'N', '0000-00-00'),
(1428, 9, '2013-07-31', 500, 'N', '0000-00-00'),
(1429, 9, '2013-08-01', 500, 'N', '0000-00-00'),
(1430, 9, '2013-08-02', 500, 'N', '0000-00-00'),
(1431, 9, '2013-08-03', 500, 'N', '0000-00-00'),
(1432, 9, '2013-08-04', 500, 'N', '0000-00-00'),
(1433, 9, '2013-08-05', 500, 'N', '0000-00-00'),
(1434, 9, '2013-08-06', 500, 'N', '0000-00-00'),
(1435, 9, '2013-08-07', 500, 'N', '0000-00-00'),
(1436, 9, '2013-08-08', 500, 'N', '0000-00-00'),
(1437, 9, '2013-08-09', 500, 'N', '0000-00-00'),
(1438, 9, '2013-08-10', 500, 'N', '0000-00-00'),
(1439, 9, '2013-08-11', 500, 'N', '0000-00-00'),
(1440, 9, '2013-08-12', 500, 'N', '0000-00-00'),
(1441, 9, '2013-08-13', 500, 'N', '0000-00-00'),
(1442, 9, '2013-08-14', 500, 'N', '0000-00-00'),
(1443, 9, '2013-08-15', 500, 'N', '0000-00-00'),
(1444, 9, '2013-08-16', 500, 'N', '0000-00-00'),
(1445, 9, '2013-08-17', 500, 'N', '0000-00-00'),
(1446, 9, '2013-08-18', 500, 'N', '0000-00-00'),
(1447, 9, '2013-08-19', 500, 'N', '0000-00-00'),
(1448, 9, '2013-08-20', 500, 'N', '0000-00-00'),
(1449, 9, '2013-08-21', 500, 'N', '0000-00-00'),
(1450, 9, '2013-08-22', 500, 'N', '0000-00-00'),
(1451, 9, '2013-08-23', 500, 'N', '0000-00-00'),
(1452, 9, '2013-08-24', 500, 'N', '0000-00-00'),
(1453, 9, '2013-08-25', 500, 'N', '0000-00-00'),
(1454, 9, '2013-08-26', 500, 'N', '0000-00-00'),
(1455, 9, '2013-08-27', 500, 'N', '0000-00-00'),
(1456, 9, '2013-08-28', 500, 'N', '0000-00-00'),
(1457, 9, '2013-08-29', 500, 'N', '0000-00-00'),
(1458, 9, '2013-08-30', 500, 'N', '0000-00-00'),
(1459, 9, '2013-08-31', 500, 'N', '0000-00-00'),
(1460, 9, '2013-09-01', 500, 'N', '0000-00-00'),
(1461, 9, '2013-09-02', 500, 'N', '0000-00-00'),
(1462, 9, '2013-09-03', 500, 'N', '0000-00-00'),
(1463, 9, '2013-09-04', 500, 'N', '0000-00-00'),
(1464, 9, '2013-09-05', 500, 'N', '0000-00-00'),
(1465, 9, '2013-09-06', 500, 'N', '0000-00-00'),
(1466, 9, '2013-09-07', 500, 'N', '0000-00-00'),
(1467, 9, '2013-09-08', 500, 'N', '0000-00-00'),
(1468, 9, '2013-09-09', 500, 'N', '0000-00-00'),
(1469, 9, '2013-09-10', 500, 'N', '0000-00-00'),
(1470, 9, '2013-09-11', 500, 'N', '0000-00-00'),
(1471, 9, '2013-09-12', 500, 'N', '0000-00-00'),
(1472, 9, '2013-09-13', 500, 'N', '0000-00-00'),
(1473, 9, '2013-09-14', 500, 'N', '0000-00-00'),
(1474, 9, '2013-09-15', 500, 'N', '0000-00-00'),
(1475, 9, '2013-09-16', 500, 'N', '0000-00-00'),
(1476, 9, '2013-09-17', 500, 'N', '0000-00-00'),
(1477, 9, '2013-09-18', 500, 'N', '0000-00-00'),
(1478, 9, '2013-09-19', 500, 'N', '0000-00-00'),
(1479, 9, '2013-09-20', 500, 'N', '0000-00-00'),
(1480, 9, '2013-09-21', 500, 'N', '0000-00-00'),
(1481, 9, '2013-09-22', 500, 'N', '0000-00-00'),
(1482, 9, '2013-09-23', 500, 'N', '0000-00-00'),
(1483, 9, '2013-09-24', 500, 'N', '0000-00-00'),
(1484, 9, '2013-09-25', 500, 'N', '0000-00-00'),
(1485, 9, '2013-09-26', 500, 'N', '0000-00-00'),
(1486, 9, '2013-09-27', 500, 'N', '0000-00-00'),
(1487, 9, '2013-09-28', 500, 'N', '0000-00-00'),
(1488, 9, '2013-09-29', 500, 'N', '0000-00-00'),
(1489, 9, '2013-09-30', 500, 'N', '0000-00-00'),
(1490, 9, '2013-10-01', 500, 'N', '0000-00-00'),
(1491, 9, '2013-10-02', 500, 'N', '0000-00-00'),
(1492, 9, '2013-10-03', 500, 'N', '0000-00-00'),
(1493, 9, '2013-10-04', 500, 'N', '0000-00-00'),
(1494, 9, '2013-10-05', 500, 'N', '0000-00-00'),
(1495, 9, '2013-10-06', 500, 'N', '0000-00-00'),
(1496, 9, '2013-10-07', 500, 'N', '0000-00-00'),
(1497, 9, '2013-10-08', 500, 'N', '0000-00-00'),
(1498, 9, '2013-10-09', 500, 'N', '0000-00-00'),
(1499, 9, '2013-10-10', 500, 'N', '0000-00-00'),
(1500, 9, '2013-10-11', 500, 'N', '0000-00-00'),
(1601, 11, '2013-07-05', 100, 'Y', '2013-07-05'),
(1602, 11, '2013-07-06', 100, 'Y', '2013-07-06'),
(1603, 11, '2013-07-07', 100, 'Y', '2013-07-11'),
(1604, 11, '2013-07-08', 100, 'Y', '2013-07-11'),
(1605, 11, '2013-07-09', 100, 'Y', '2013-07-11'),
(1606, 11, '2013-07-10', 100, 'Y', '2013-07-11'),
(1607, 11, '2013-07-11', 100, 'Y', '2013-07-11'),
(1608, 11, '2013-07-12', 100, 'Y', '2013-07-16'),
(1609, 11, '2013-07-13', 100, 'Y', '2013-07-16'),
(1610, 11, '2013-07-14', 100, 'Y', '2013-07-16'),
(1611, 11, '2013-07-15', 100, 'Y', '2013-07-16'),
(1612, 11, '2013-07-16', 100, 'Y', '2013-07-16'),
(1613, 11, '2013-07-17', 100, 'Y', '2013-07-20'),
(1614, 11, '2013-07-18', 100, 'N', '0000-00-00'),
(1615, 11, '2013-07-19', 100, 'N', '0000-00-00'),
(1616, 11, '2013-07-20', 100, 'N', '0000-00-00'),
(1617, 11, '2013-07-21', 100, 'N', '0000-00-00'),
(1618, 11, '2013-07-22', 100, 'N', '0000-00-00'),
(1619, 11, '2013-07-23', 100, 'N', '0000-00-00'),
(1620, 11, '2013-07-24', 100, 'N', '0000-00-00'),
(1621, 11, '2013-07-25', 100, 'N', '0000-00-00'),
(1622, 11, '2013-07-26', 100, 'N', '0000-00-00'),
(1623, 11, '2013-07-27', 100, 'N', '0000-00-00'),
(1624, 11, '2013-07-28', 100, 'N', '0000-00-00'),
(1625, 11, '2013-07-29', 100, 'N', '0000-00-00'),
(1626, 11, '2013-07-30', 100, 'N', '0000-00-00'),
(1627, 11, '2013-07-31', 100, 'N', '0000-00-00'),
(1628, 11, '2013-08-01', 100, 'N', '0000-00-00'),
(1629, 11, '2013-08-02', 100, 'N', '0000-00-00'),
(1630, 11, '2013-08-03', 100, 'N', '0000-00-00'),
(1631, 11, '2013-08-04', 100, 'N', '0000-00-00'),
(1632, 11, '2013-08-05', 100, 'N', '0000-00-00'),
(1633, 11, '2013-08-06', 100, 'N', '0000-00-00'),
(1634, 11, '2013-08-07', 100, 'N', '0000-00-00'),
(1635, 11, '2013-08-08', 100, 'N', '0000-00-00'),
(1636, 11, '2013-08-09', 100, 'N', '0000-00-00'),
(1637, 11, '2013-08-10', 100, 'N', '0000-00-00'),
(1638, 11, '2013-08-11', 100, 'N', '0000-00-00'),
(1639, 11, '2013-08-12', 100, 'N', '0000-00-00'),
(1640, 11, '2013-08-13', 100, 'N', '0000-00-00'),
(1641, 11, '2013-08-14', 100, 'N', '0000-00-00'),
(1642, 11, '2013-08-15', 100, 'N', '0000-00-00'),
(1643, 11, '2013-08-16', 100, 'N', '0000-00-00'),
(1644, 11, '2013-08-17', 100, 'N', '0000-00-00'),
(1645, 11, '2013-08-18', 100, 'N', '0000-00-00'),
(1646, 11, '2013-08-19', 100, 'N', '0000-00-00'),
(1647, 11, '2013-08-20', 100, 'N', '0000-00-00'),
(1648, 11, '2013-08-21', 100, 'N', '0000-00-00'),
(1649, 11, '2013-08-22', 100, 'N', '0000-00-00'),
(1650, 11, '2013-08-23', 100, 'N', '0000-00-00'),
(1651, 11, '2013-08-24', 100, 'N', '0000-00-00'),
(1652, 11, '2013-08-25', 100, 'N', '0000-00-00'),
(1653, 11, '2013-08-26', 100, 'N', '0000-00-00'),
(1654, 11, '2013-08-27', 100, 'N', '0000-00-00'),
(1655, 11, '2013-08-28', 100, 'N', '0000-00-00'),
(1656, 11, '2013-08-29', 100, 'N', '0000-00-00'),
(1657, 11, '2013-08-30', 100, 'N', '0000-00-00'),
(1658, 11, '2013-08-31', 100, 'N', '0000-00-00'),
(1659, 11, '2013-09-01', 100, 'N', '0000-00-00'),
(1660, 11, '2013-09-02', 100, 'N', '0000-00-00'),
(1661, 11, '2013-09-03', 100, 'N', '0000-00-00'),
(1662, 11, '2013-09-04', 100, 'N', '0000-00-00'),
(1663, 11, '2013-09-05', 100, 'N', '0000-00-00'),
(1664, 11, '2013-09-06', 100, 'N', '0000-00-00'),
(1665, 11, '2013-09-07', 100, 'N', '0000-00-00'),
(1666, 11, '2013-09-08', 100, 'N', '0000-00-00'),
(1667, 11, '2013-09-09', 100, 'N', '0000-00-00'),
(1668, 11, '2013-09-10', 100, 'N', '0000-00-00'),
(1669, 11, '2013-09-11', 100, 'N', '0000-00-00'),
(1670, 11, '2013-09-12', 100, 'N', '0000-00-00'),
(1671, 11, '2013-09-13', 100, 'N', '0000-00-00'),
(1672, 11, '2013-09-14', 100, 'N', '0000-00-00'),
(1673, 11, '2013-09-15', 100, 'N', '0000-00-00'),
(1674, 11, '2013-09-16', 100, 'N', '0000-00-00'),
(1675, 11, '2013-09-17', 100, 'N', '0000-00-00'),
(1676, 11, '2013-09-18', 100, 'N', '0000-00-00');
INSERT INTO `installment` (`installmentId`, `loanId`, `installmentDate`, `installmentAmount`, `isReceived`, `receiveDate`) VALUES
(1677, 11, '2013-09-19', 100, 'N', '0000-00-00'),
(1678, 11, '2013-09-20', 100, 'N', '0000-00-00'),
(1679, 11, '2013-09-21', 100, 'N', '0000-00-00'),
(1680, 11, '2013-09-22', 100, 'N', '0000-00-00'),
(1681, 11, '2013-09-23', 100, 'N', '0000-00-00'),
(1682, 11, '2013-09-24', 100, 'N', '0000-00-00'),
(1683, 11, '2013-09-25', 100, 'N', '0000-00-00'),
(1684, 11, '2013-09-26', 100, 'N', '0000-00-00'),
(1685, 11, '2013-09-27', 100, 'N', '0000-00-00'),
(1686, 11, '2013-09-28', 100, 'N', '0000-00-00'),
(1687, 11, '2013-09-29', 100, 'N', '0000-00-00'),
(1688, 11, '2013-09-30', 100, 'N', '0000-00-00'),
(1689, 11, '2013-10-01', 100, 'N', '0000-00-00'),
(1690, 11, '2013-10-02', 100, 'N', '0000-00-00'),
(1691, 11, '2013-10-03', 100, 'N', '0000-00-00'),
(1692, 11, '2013-10-04', 100, 'N', '0000-00-00'),
(1693, 11, '2013-10-05', 100, 'N', '0000-00-00'),
(1694, 11, '2013-10-06', 100, 'N', '0000-00-00'),
(1695, 11, '2013-10-07', 100, 'N', '0000-00-00'),
(1696, 11, '2013-10-08', 100, 'N', '0000-00-00'),
(1697, 11, '2013-10-09', 100, 'N', '0000-00-00'),
(1698, 11, '2013-10-10', 100, 'N', '0000-00-00'),
(1699, 11, '2013-10-11', 100, 'N', '0000-00-00'),
(1700, 11, '2013-10-12', 100, 'N', '0000-00-00'),
(1701, 12, '2013-07-06', 1000, 'Y', '2013-07-06'),
(1702, 12, '2013-07-07', 1000, 'Y', '2013-07-07'),
(1703, 12, '2013-07-08', 1000, 'Y', '2013-07-08'),
(1704, 12, '2013-07-09', 1000, 'Y', '2013-07-09'),
(1705, 12, '2013-07-10', 1000, 'Y', '2013-07-09'),
(1706, 12, '2013-07-11', 1000, 'Y', '2013-07-11'),
(1707, 12, '2013-07-12', 1000, 'Y', '2013-07-22'),
(1708, 12, '2013-07-13', 1000, 'Y', '2013-07-22'),
(1709, 12, '2013-07-14', 1000, 'Y', '2013-07-22'),
(1710, 12, '2013-07-15', 1000, 'Y', '2013-07-22'),
(1711, 12, '2013-07-16', 1000, 'Y', '2013-07-22'),
(1712, 12, '2013-07-17', 1000, 'Y', '2013-07-22'),
(1713, 12, '2013-07-18', 1000, 'Y', '2013-07-22'),
(1714, 12, '2013-07-19', 1000, 'N', '0000-00-00'),
(1715, 12, '2013-07-20', 1000, 'N', '0000-00-00'),
(1716, 12, '2013-07-21', 1000, 'N', '0000-00-00'),
(1717, 12, '2013-07-22', 1000, 'N', '0000-00-00'),
(1718, 12, '2013-07-23', 1000, 'N', '0000-00-00'),
(1719, 12, '2013-07-24', 1000, 'N', '0000-00-00'),
(1720, 12, '2013-07-25', 1000, 'N', '0000-00-00'),
(1721, 12, '2013-07-26', 1000, 'N', '0000-00-00'),
(1722, 12, '2013-07-27', 1000, 'N', '0000-00-00'),
(1723, 12, '2013-07-28', 1000, 'N', '0000-00-00'),
(1724, 12, '2013-07-29', 1000, 'N', '0000-00-00'),
(1725, 12, '2013-07-30', 1000, 'N', '0000-00-00'),
(1726, 12, '2013-07-31', 1000, 'N', '0000-00-00'),
(1727, 12, '2013-08-01', 1000, 'N', '0000-00-00'),
(1728, 12, '2013-08-02', 1000, 'N', '0000-00-00'),
(1729, 12, '2013-08-03', 1000, 'N', '0000-00-00'),
(1730, 12, '2013-08-04', 1000, 'N', '0000-00-00'),
(1731, 12, '2013-08-05', 1000, 'N', '0000-00-00'),
(1732, 12, '2013-08-06', 1000, 'N', '0000-00-00'),
(1733, 12, '2013-08-07', 1000, 'N', '0000-00-00'),
(1734, 12, '2013-08-08', 1000, 'N', '0000-00-00'),
(1735, 12, '2013-08-09', 1000, 'N', '0000-00-00'),
(1736, 12, '2013-08-10', 1000, 'N', '0000-00-00'),
(1737, 12, '2013-08-11', 1000, 'N', '0000-00-00'),
(1738, 12, '2013-08-12', 1000, 'N', '0000-00-00'),
(1739, 12, '2013-08-13', 1000, 'N', '0000-00-00'),
(1740, 12, '2013-08-14', 1000, 'N', '0000-00-00'),
(1741, 12, '2013-08-15', 1000, 'N', '0000-00-00'),
(1742, 12, '2013-08-16', 1000, 'N', '0000-00-00'),
(1743, 12, '2013-08-17', 1000, 'N', '0000-00-00'),
(1744, 12, '2013-08-18', 1000, 'N', '0000-00-00'),
(1745, 12, '2013-08-19', 1000, 'N', '0000-00-00'),
(1746, 12, '2013-08-20', 1000, 'N', '0000-00-00'),
(1747, 12, '2013-08-21', 1000, 'N', '0000-00-00'),
(1748, 12, '2013-08-22', 1000, 'N', '0000-00-00'),
(1749, 12, '2013-08-23', 1000, 'N', '0000-00-00'),
(1750, 12, '2013-08-24', 1000, 'N', '0000-00-00'),
(1751, 12, '2013-08-25', 1000, 'N', '0000-00-00'),
(1752, 12, '2013-08-26', 1000, 'N', '0000-00-00'),
(1753, 12, '2013-08-27', 1000, 'N', '0000-00-00'),
(1754, 12, '2013-08-28', 1000, 'N', '0000-00-00'),
(1755, 12, '2013-08-29', 1000, 'N', '0000-00-00'),
(1756, 12, '2013-08-30', 1000, 'N', '0000-00-00'),
(1757, 12, '2013-08-31', 1000, 'N', '0000-00-00'),
(1758, 12, '2013-09-01', 1000, 'N', '0000-00-00'),
(1759, 12, '2013-09-02', 1000, 'N', '0000-00-00'),
(1760, 12, '2013-09-03', 1000, 'N', '0000-00-00'),
(1761, 12, '2013-09-04', 1000, 'N', '0000-00-00'),
(1762, 12, '2013-09-05', 1000, 'N', '0000-00-00'),
(1763, 12, '2013-09-06', 1000, 'N', '0000-00-00'),
(1764, 12, '2013-09-07', 1000, 'N', '0000-00-00'),
(1765, 12, '2013-09-08', 1000, 'N', '0000-00-00'),
(1766, 12, '2013-09-09', 1000, 'N', '0000-00-00'),
(1767, 12, '2013-09-10', 1000, 'N', '0000-00-00'),
(1768, 12, '2013-09-11', 1000, 'N', '0000-00-00'),
(1769, 12, '2013-09-12', 1000, 'N', '0000-00-00'),
(1770, 12, '2013-09-13', 1000, 'N', '0000-00-00'),
(1771, 12, '2013-09-14', 1000, 'N', '0000-00-00'),
(1772, 12, '2013-09-15', 1000, 'N', '0000-00-00'),
(1773, 12, '2013-09-16', 1000, 'N', '0000-00-00'),
(1774, 12, '2013-09-17', 1000, 'N', '0000-00-00'),
(1775, 12, '2013-09-18', 1000, 'N', '0000-00-00'),
(1776, 12, '2013-09-19', 1000, 'N', '0000-00-00'),
(1777, 12, '2013-09-20', 1000, 'N', '0000-00-00'),
(1778, 12, '2013-09-21', 1000, 'N', '0000-00-00'),
(1779, 12, '2013-09-22', 1000, 'N', '0000-00-00'),
(1780, 12, '2013-09-23', 1000, 'N', '0000-00-00'),
(1781, 12, '2013-09-24', 1000, 'N', '0000-00-00'),
(1782, 12, '2013-09-25', 1000, 'N', '0000-00-00'),
(1783, 12, '2013-09-26', 1000, 'N', '0000-00-00'),
(1784, 12, '2013-09-27', 1000, 'N', '0000-00-00'),
(1785, 12, '2013-09-28', 1000, 'N', '0000-00-00'),
(1786, 12, '2013-09-29', 1000, 'N', '0000-00-00'),
(1787, 12, '2013-09-30', 1000, 'N', '0000-00-00'),
(1788, 12, '2013-10-01', 1000, 'N', '0000-00-00'),
(1789, 12, '2013-10-02', 1000, 'N', '0000-00-00'),
(1790, 12, '2013-10-03', 1000, 'N', '0000-00-00'),
(1791, 12, '2013-10-04', 1000, 'N', '0000-00-00'),
(1792, 12, '2013-10-05', 1000, 'N', '0000-00-00'),
(1793, 12, '2013-10-06', 1000, 'N', '0000-00-00'),
(1794, 12, '2013-10-07', 1000, 'N', '0000-00-00'),
(1795, 12, '2013-10-08', 1000, 'N', '0000-00-00'),
(1796, 12, '2013-10-09', 1000, 'N', '0000-00-00'),
(1797, 12, '2013-10-10', 1000, 'N', '0000-00-00'),
(1798, 12, '2013-10-11', 1000, 'N', '0000-00-00'),
(1799, 12, '2013-10-12', 1000, 'N', '0000-00-00'),
(1800, 12, '2013-10-13', 1000, 'N', '0000-00-00'),
(1801, 13, '2013-07-08', 100, 'Y', '2013-07-08'),
(1802, 13, '2013-07-09', 100, 'Y', '2013-07-09'),
(1803, 13, '2013-07-10', 100, 'Y', '2013-07-10'),
(1804, 13, '2013-07-11', 100, 'Y', '2013-07-11'),
(1805, 13, '2013-07-12', 100, 'Y', '2013-07-12'),
(1806, 13, '2013-07-13', 100, 'Y', '2013-07-16'),
(1807, 13, '2013-07-14', 100, 'Y', '2013-07-16'),
(1808, 13, '2013-07-15', 100, 'Y', '2013-07-16'),
(1809, 13, '2013-07-16', 100, 'Y', '2013-07-16'),
(1810, 13, '2013-07-17', 100, 'Y', '2013-07-22'),
(1811, 13, '2013-07-18', 100, 'N', '0000-00-00'),
(1812, 13, '2013-07-19', 100, 'N', '0000-00-00'),
(1813, 13, '2013-07-20', 100, 'N', '0000-00-00'),
(1814, 13, '2013-07-21', 100, 'N', '0000-00-00'),
(1815, 13, '2013-07-22', 100, 'N', '0000-00-00'),
(1816, 13, '2013-07-23', 100, 'N', '0000-00-00'),
(1817, 13, '2013-07-24', 100, 'N', '0000-00-00'),
(1818, 13, '2013-07-25', 100, 'N', '0000-00-00'),
(1819, 13, '2013-07-26', 100, 'N', '0000-00-00'),
(1820, 13, '2013-07-27', 100, 'N', '0000-00-00'),
(1821, 13, '2013-07-28', 100, 'N', '0000-00-00'),
(1822, 13, '2013-07-29', 100, 'N', '0000-00-00'),
(1823, 13, '2013-07-30', 100, 'N', '0000-00-00'),
(1824, 13, '2013-07-31', 100, 'N', '0000-00-00'),
(1825, 13, '2013-08-01', 100, 'N', '0000-00-00'),
(1826, 13, '2013-08-02', 100, 'N', '0000-00-00'),
(1827, 13, '2013-08-03', 100, 'N', '0000-00-00'),
(1828, 13, '2013-08-04', 100, 'N', '0000-00-00'),
(1829, 13, '2013-08-05', 100, 'N', '0000-00-00'),
(1830, 13, '2013-08-06', 100, 'N', '0000-00-00'),
(1831, 13, '2013-08-07', 100, 'N', '0000-00-00'),
(1832, 13, '2013-08-08', 100, 'N', '0000-00-00'),
(1833, 13, '2013-08-09', 100, 'N', '0000-00-00'),
(1834, 13, '2013-08-10', 100, 'N', '0000-00-00'),
(1835, 13, '2013-08-11', 100, 'N', '0000-00-00'),
(1836, 13, '2013-08-12', 100, 'N', '0000-00-00'),
(1837, 13, '2013-08-13', 100, 'N', '0000-00-00'),
(1838, 13, '2013-08-14', 100, 'N', '0000-00-00'),
(1839, 13, '2013-08-15', 100, 'N', '0000-00-00'),
(1840, 13, '2013-08-16', 100, 'N', '0000-00-00'),
(1841, 13, '2013-08-17', 100, 'N', '0000-00-00'),
(1842, 13, '2013-08-18', 100, 'N', '0000-00-00'),
(1843, 13, '2013-08-19', 100, 'N', '0000-00-00'),
(1844, 13, '2013-08-20', 100, 'N', '0000-00-00'),
(1845, 13, '2013-08-21', 100, 'N', '0000-00-00'),
(1846, 13, '2013-08-22', 100, 'N', '0000-00-00'),
(1847, 13, '2013-08-23', 100, 'N', '0000-00-00'),
(1848, 13, '2013-08-24', 100, 'N', '0000-00-00'),
(1849, 13, '2013-08-25', 100, 'N', '0000-00-00'),
(1850, 13, '2013-08-26', 100, 'N', '0000-00-00'),
(1851, 13, '2013-08-27', 100, 'N', '0000-00-00'),
(1852, 13, '2013-08-28', 100, 'N', '0000-00-00'),
(1853, 13, '2013-08-29', 100, 'N', '0000-00-00'),
(1854, 13, '2013-08-30', 100, 'N', '0000-00-00'),
(1855, 13, '2013-08-31', 100, 'N', '0000-00-00'),
(1856, 13, '2013-09-01', 100, 'N', '0000-00-00'),
(1857, 13, '2013-09-02', 100, 'N', '0000-00-00'),
(1858, 13, '2013-09-03', 100, 'N', '0000-00-00'),
(1859, 13, '2013-09-04', 100, 'N', '0000-00-00'),
(1860, 13, '2013-09-05', 100, 'N', '0000-00-00'),
(1861, 15, '2013-07-08', 200, 'Y', '2013-07-08'),
(1862, 15, '2013-07-09', 200, 'Y', '2013-07-09'),
(1863, 15, '2013-07-10', 200, 'Y', '2013-07-10'),
(1864, 15, '2013-07-11', 200, 'Y', '2013-07-11'),
(1865, 15, '2013-07-12', 200, 'Y', '2013-07-12'),
(1866, 15, '2013-07-13', 200, 'Y', '2013-07-13'),
(1867, 15, '2013-07-14', 200, 'Y', '2013-07-14'),
(1868, 15, '2013-07-15', 200, 'Y', '2013-07-22'),
(1869, 15, '2013-07-16', 200, 'Y', '2013-07-22'),
(1870, 15, '2013-07-17', 200, 'Y', '2013-07-22'),
(1871, 15, '2013-07-18', 200, 'Y', '2013-07-22'),
(1872, 15, '2013-07-19', 200, 'Y', '2013-07-22'),
(1873, 15, '2013-07-20', 200, 'Y', '2013-07-22'),
(1874, 15, '2013-07-21', 200, 'Y', '2013-07-22'),
(1875, 15, '2013-07-22', 200, 'Y', '2013-07-22'),
(1876, 15, '2013-07-23', 200, 'N', '0000-00-00'),
(1877, 15, '2013-07-24', 200, 'N', '0000-00-00'),
(1878, 15, '2013-07-25', 200, 'N', '0000-00-00'),
(1879, 15, '2013-07-26', 200, 'N', '0000-00-00'),
(1880, 15, '2013-07-27', 200, 'N', '0000-00-00'),
(1881, 15, '2013-07-28', 200, 'N', '0000-00-00'),
(1882, 15, '2013-07-29', 200, 'N', '0000-00-00'),
(1883, 15, '2013-07-30', 200, 'N', '0000-00-00'),
(1884, 15, '2013-07-31', 200, 'N', '0000-00-00'),
(1885, 15, '2013-08-01', 200, 'N', '0000-00-00'),
(1886, 15, '2013-08-02', 200, 'N', '0000-00-00'),
(1887, 15, '2013-08-03', 200, 'N', '0000-00-00'),
(1888, 15, '2013-08-04', 200, 'N', '0000-00-00'),
(1889, 15, '2013-08-05', 200, 'N', '0000-00-00'),
(1890, 15, '2013-08-06', 200, 'N', '0000-00-00'),
(1891, 15, '2013-08-07', 200, 'N', '0000-00-00'),
(1892, 15, '2013-08-08', 200, 'N', '0000-00-00'),
(1893, 15, '2013-08-09', 200, 'N', '0000-00-00'),
(1894, 15, '2013-08-10', 200, 'N', '0000-00-00'),
(1895, 15, '2013-08-11', 200, 'N', '0000-00-00'),
(1896, 15, '2013-08-12', 200, 'N', '0000-00-00'),
(1897, 15, '2013-08-13', 200, 'N', '0000-00-00'),
(1898, 15, '2013-08-14', 200, 'N', '0000-00-00'),
(1899, 15, '2013-08-15', 200, 'N', '0000-00-00'),
(1900, 15, '2013-08-16', 200, 'N', '0000-00-00'),
(1901, 15, '2013-08-17', 200, 'N', '0000-00-00'),
(1902, 15, '2013-08-18', 200, 'N', '0000-00-00'),
(1903, 15, '2013-08-19', 200, 'N', '0000-00-00'),
(1904, 15, '2013-08-20', 200, 'N', '0000-00-00'),
(1905, 15, '2013-08-21', 200, 'N', '0000-00-00'),
(1906, 15, '2013-08-22', 200, 'N', '0000-00-00'),
(1907, 15, '2013-08-23', 200, 'N', '0000-00-00'),
(1908, 15, '2013-08-24', 200, 'N', '0000-00-00'),
(1909, 15, '2013-08-25', 200, 'N', '0000-00-00'),
(1910, 15, '2013-08-26', 200, 'N', '0000-00-00'),
(1911, 15, '2013-08-27', 200, 'N', '0000-00-00'),
(1912, 15, '2013-08-28', 200, 'N', '0000-00-00'),
(1913, 15, '2013-08-29', 200, 'N', '0000-00-00'),
(1914, 15, '2013-08-30', 200, 'N', '0000-00-00'),
(1915, 15, '2013-08-31', 200, 'N', '0000-00-00'),
(1916, 15, '2013-09-01', 200, 'N', '0000-00-00'),
(1917, 15, '2013-09-02', 200, 'N', '0000-00-00'),
(1918, 15, '2013-09-03', 200, 'N', '0000-00-00'),
(1919, 15, '2013-09-04', 200, 'N', '0000-00-00'),
(1920, 15, '2013-09-05', 200, 'N', '0000-00-00'),
(1921, 15, '2013-09-06', 200, 'N', '0000-00-00'),
(1922, 15, '2013-09-07', 200, 'N', '0000-00-00'),
(1923, 15, '2013-09-08', 200, 'N', '0000-00-00'),
(1924, 15, '2013-09-09', 200, 'N', '0000-00-00'),
(1925, 15, '2013-09-10', 200, 'N', '0000-00-00'),
(1926, 15, '2013-09-11', 200, 'N', '0000-00-00'),
(1927, 15, '2013-09-12', 200, 'N', '0000-00-00'),
(1928, 15, '2013-09-13', 200, 'N', '0000-00-00'),
(1929, 15, '2013-09-14', 200, 'N', '0000-00-00'),
(1930, 15, '2013-09-15', 200, 'N', '0000-00-00'),
(1931, 15, '2013-09-16', 200, 'N', '0000-00-00'),
(1932, 15, '2013-09-17', 200, 'N', '0000-00-00'),
(1933, 15, '2013-09-18', 200, 'N', '0000-00-00'),
(1934, 15, '2013-09-19', 200, 'N', '0000-00-00'),
(1935, 15, '2013-09-20', 200, 'N', '0000-00-00'),
(1936, 15, '2013-09-21', 200, 'N', '0000-00-00'),
(1937, 15, '2013-09-22', 200, 'N', '0000-00-00'),
(1938, 15, '2013-09-23', 200, 'N', '0000-00-00'),
(1939, 15, '2013-09-24', 200, 'N', '0000-00-00'),
(1940, 15, '2013-09-25', 200, 'N', '0000-00-00'),
(1941, 15, '2013-09-26', 200, 'N', '0000-00-00'),
(1942, 15, '2013-09-27', 200, 'N', '0000-00-00'),
(1943, 15, '2013-09-28', 200, 'N', '0000-00-00'),
(1944, 15, '2013-09-29', 200, 'N', '0000-00-00'),
(1945, 15, '2013-09-30', 200, 'N', '0000-00-00'),
(1946, 15, '2013-10-01', 200, 'N', '0000-00-00'),
(1947, 15, '2013-10-02', 200, 'N', '0000-00-00'),
(1948, 15, '2013-10-03', 200, 'N', '0000-00-00'),
(1949, 15, '2013-10-04', 200, 'N', '0000-00-00'),
(1950, 15, '2013-10-05', 200, 'N', '0000-00-00'),
(1951, 15, '2013-10-06', 200, 'N', '0000-00-00'),
(1952, 15, '2013-10-07', 200, 'N', '0000-00-00'),
(1953, 15, '2013-10-08', 200, 'N', '0000-00-00'),
(1954, 15, '2013-10-09', 200, 'N', '0000-00-00'),
(1955, 15, '2013-10-10', 200, 'N', '0000-00-00'),
(1956, 15, '2013-10-11', 200, 'N', '0000-00-00'),
(1957, 15, '2013-10-12', 200, 'N', '0000-00-00'),
(1958, 15, '2013-10-13', 200, 'N', '0000-00-00'),
(1959, 15, '2013-10-14', 200, 'N', '0000-00-00'),
(1960, 15, '2013-10-15', 200, 'N', '0000-00-00'),
(1961, 16, '2013-07-08', 100, 'Y', '2013-07-08'),
(1962, 16, '2013-07-09', 100, 'Y', '2013-07-09'),
(1963, 16, '2013-07-10', 100, 'Y', '2013-07-10'),
(1964, 16, '2013-07-11', 100, 'Y', '2013-07-11'),
(1965, 16, '2013-07-12', 100, 'Y', '2013-07-12'),
(1966, 16, '2013-07-13', 100, 'Y', '2013-07-22'),
(1967, 16, '2013-07-14', 100, 'Y', '2013-07-22'),
(1968, 16, '2013-07-15', 100, 'Y', '2013-07-22'),
(1969, 16, '2013-07-16', 100, 'Y', '2013-07-22'),
(1970, 16, '2013-07-17', 100, 'Y', '2013-07-22'),
(1971, 16, '2013-07-18', 100, 'N', '0000-00-00'),
(1972, 16, '2013-07-19', 100, 'N', '0000-00-00'),
(1973, 16, '2013-07-20', 100, 'N', '0000-00-00'),
(1974, 16, '2013-07-21', 100, 'N', '0000-00-00'),
(1975, 16, '2013-07-22', 100, 'N', '0000-00-00'),
(1976, 16, '2013-07-23', 100, 'N', '0000-00-00'),
(1977, 16, '2013-07-24', 100, 'N', '0000-00-00'),
(1978, 16, '2013-07-25', 100, 'N', '0000-00-00'),
(1979, 16, '2013-07-26', 100, 'N', '0000-00-00'),
(1980, 16, '2013-07-27', 100, 'N', '0000-00-00'),
(1981, 16, '2013-07-28', 100, 'N', '0000-00-00'),
(1982, 16, '2013-07-29', 100, 'N', '0000-00-00'),
(1983, 16, '2013-07-30', 100, 'N', '0000-00-00'),
(1984, 16, '2013-07-31', 100, 'N', '0000-00-00'),
(1985, 16, '2013-08-01', 100, 'N', '0000-00-00'),
(1986, 16, '2013-08-02', 100, 'N', '0000-00-00'),
(1987, 16, '2013-08-03', 100, 'N', '0000-00-00'),
(1988, 16, '2013-08-04', 100, 'N', '0000-00-00'),
(1989, 16, '2013-08-05', 100, 'N', '0000-00-00'),
(1990, 16, '2013-08-06', 100, 'N', '0000-00-00'),
(1991, 16, '2013-08-07', 100, 'N', '0000-00-00'),
(1992, 16, '2013-08-08', 100, 'N', '0000-00-00'),
(1993, 16, '2013-08-09', 100, 'N', '0000-00-00'),
(1994, 16, '2013-08-10', 100, 'N', '0000-00-00'),
(1995, 16, '2013-08-11', 100, 'N', '0000-00-00'),
(1996, 16, '2013-08-12', 100, 'N', '0000-00-00'),
(1997, 16, '2013-08-13', 100, 'N', '0000-00-00'),
(1998, 16, '2013-08-14', 100, 'N', '0000-00-00'),
(1999, 16, '2013-08-15', 100, 'N', '0000-00-00'),
(2000, 16, '2013-08-16', 100, 'N', '0000-00-00'),
(2001, 16, '2013-08-17', 100, 'N', '0000-00-00'),
(2002, 16, '2013-08-18', 100, 'N', '0000-00-00'),
(2003, 16, '2013-08-19', 100, 'N', '0000-00-00'),
(2004, 16, '2013-08-20', 100, 'N', '0000-00-00'),
(2005, 16, '2013-08-21', 100, 'N', '0000-00-00'),
(2006, 16, '2013-08-22', 100, 'N', '0000-00-00'),
(2007, 16, '2013-08-23', 100, 'N', '0000-00-00'),
(2008, 16, '2013-08-24', 100, 'N', '0000-00-00'),
(2009, 16, '2013-08-25', 100, 'N', '0000-00-00'),
(2010, 16, '2013-08-26', 100, 'N', '0000-00-00'),
(2011, 16, '2013-08-27', 100, 'N', '0000-00-00'),
(2012, 16, '2013-08-28', 100, 'N', '0000-00-00'),
(2013, 16, '2013-08-29', 100, 'N', '0000-00-00'),
(2014, 16, '2013-08-30', 100, 'N', '0000-00-00'),
(2015, 16, '2013-08-31', 100, 'N', '0000-00-00'),
(2016, 16, '2013-09-01', 100, 'N', '0000-00-00'),
(2017, 16, '2013-09-02', 100, 'N', '0000-00-00'),
(2018, 16, '2013-09-03', 100, 'N', '0000-00-00'),
(2019, 16, '2013-09-04', 100, 'N', '0000-00-00'),
(2020, 16, '2013-09-05', 100, 'N', '0000-00-00'),
(2021, 16, '2013-09-06', 100, 'N', '0000-00-00'),
(2022, 16, '2013-09-07', 100, 'N', '0000-00-00'),
(2023, 16, '2013-09-08', 100, 'N', '0000-00-00'),
(2024, 16, '2013-09-09', 100, 'N', '0000-00-00'),
(2025, 16, '2013-09-10', 100, 'N', '0000-00-00'),
(2026, 16, '2013-09-11', 100, 'N', '0000-00-00'),
(2027, 16, '2013-09-12', 100, 'N', '0000-00-00'),
(2028, 16, '2013-09-13', 100, 'N', '0000-00-00'),
(2029, 16, '2013-09-14', 100, 'N', '0000-00-00'),
(2030, 16, '2013-09-15', 100, 'N', '0000-00-00'),
(2031, 16, '2013-09-16', 100, 'N', '0000-00-00'),
(2032, 16, '2013-09-17', 100, 'N', '0000-00-00'),
(2033, 16, '2013-09-18', 100, 'N', '0000-00-00'),
(2034, 16, '2013-09-19', 100, 'N', '0000-00-00'),
(2035, 16, '2013-09-20', 100, 'N', '0000-00-00'),
(2036, 16, '2013-09-21', 100, 'N', '0000-00-00'),
(2037, 16, '2013-09-22', 100, 'N', '0000-00-00'),
(2038, 16, '2013-09-23', 100, 'N', '0000-00-00'),
(2039, 16, '2013-09-24', 100, 'N', '0000-00-00'),
(2040, 16, '2013-09-25', 100, 'N', '0000-00-00'),
(2041, 16, '2013-09-26', 100, 'N', '0000-00-00'),
(2042, 16, '2013-09-27', 100, 'N', '0000-00-00'),
(2043, 16, '2013-09-28', 100, 'N', '0000-00-00'),
(2044, 16, '2013-09-29', 100, 'N', '0000-00-00'),
(2045, 16, '2013-09-30', 100, 'N', '0000-00-00'),
(2046, 16, '2013-10-01', 100, 'N', '0000-00-00'),
(2047, 16, '2013-10-02', 100, 'N', '0000-00-00'),
(2048, 16, '2013-10-03', 100, 'N', '0000-00-00'),
(2049, 16, '2013-10-04', 100, 'N', '0000-00-00'),
(2050, 16, '2013-10-05', 100, 'N', '0000-00-00'),
(2051, 16, '2013-10-06', 100, 'N', '0000-00-00'),
(2052, 16, '2013-10-07', 100, 'N', '0000-00-00'),
(2053, 16, '2013-10-08', 100, 'N', '0000-00-00'),
(2054, 16, '2013-10-09', 100, 'N', '0000-00-00'),
(2055, 16, '2013-10-10', 100, 'N', '0000-00-00'),
(2056, 16, '2013-10-11', 100, 'N', '0000-00-00'),
(2057, 16, '2013-10-12', 100, 'N', '0000-00-00'),
(2058, 16, '2013-10-13', 100, 'N', '0000-00-00'),
(2059, 16, '2013-10-14', 100, 'N', '0000-00-00'),
(2060, 16, '2013-10-15', 100, 'N', '0000-00-00'),
(2061, 17, '2013-07-08', 100, 'Y', '2013-07-08'),
(2062, 17, '2013-07-09', 100, 'Y', '2013-07-09'),
(2063, 17, '2013-07-10', 100, 'Y', '2013-07-10'),
(2064, 17, '2013-07-11', 100, 'Y', '2013-07-11'),
(2065, 17, '2013-07-12', 100, 'Y', '2013-07-16'),
(2066, 17, '2013-07-13', 100, 'Y', '2013-07-16'),
(2067, 17, '2013-07-14', 100, 'Y', '2013-07-16'),
(2068, 17, '2013-07-15', 100, 'Y', '2013-07-16'),
(2069, 17, '2013-07-16', 100, 'Y', '2013-07-16'),
(2070, 17, '2013-07-17', 100, 'Y', '2013-07-22'),
(2071, 17, '2013-07-18', 100, 'N', '0000-00-00'),
(2072, 17, '2013-07-19', 100, 'N', '0000-00-00'),
(2073, 17, '2013-07-20', 100, 'N', '0000-00-00'),
(2074, 17, '2013-07-21', 100, 'N', '0000-00-00'),
(2075, 17, '2013-07-22', 100, 'N', '0000-00-00'),
(2076, 17, '2013-07-23', 100, 'N', '0000-00-00'),
(2077, 17, '2013-07-24', 100, 'N', '0000-00-00'),
(2078, 17, '2013-07-25', 100, 'N', '0000-00-00'),
(2079, 17, '2013-07-26', 100, 'N', '0000-00-00'),
(2080, 17, '2013-07-27', 100, 'N', '0000-00-00'),
(2081, 17, '2013-07-28', 100, 'N', '0000-00-00'),
(2082, 17, '2013-07-29', 100, 'N', '0000-00-00'),
(2083, 17, '2013-07-30', 100, 'N', '0000-00-00'),
(2084, 17, '2013-07-31', 100, 'N', '0000-00-00'),
(2085, 17, '2013-08-01', 100, 'N', '0000-00-00'),
(2086, 17, '2013-08-02', 100, 'N', '0000-00-00'),
(2087, 17, '2013-08-03', 100, 'N', '0000-00-00'),
(2088, 17, '2013-08-04', 100, 'N', '0000-00-00'),
(2089, 17, '2013-08-05', 100, 'N', '0000-00-00'),
(2090, 17, '2013-08-06', 100, 'N', '0000-00-00'),
(2091, 17, '2013-08-07', 100, 'N', '0000-00-00'),
(2092, 17, '2013-08-08', 100, 'N', '0000-00-00'),
(2093, 17, '2013-08-09', 100, 'N', '0000-00-00'),
(2094, 17, '2013-08-10', 100, 'N', '0000-00-00'),
(2095, 17, '2013-08-11', 100, 'N', '0000-00-00'),
(2096, 17, '2013-08-12', 100, 'N', '0000-00-00'),
(2097, 17, '2013-08-13', 100, 'N', '0000-00-00'),
(2098, 17, '2013-08-14', 100, 'N', '0000-00-00'),
(2099, 17, '2013-08-15', 100, 'N', '0000-00-00'),
(2100, 17, '2013-08-16', 100, 'N', '0000-00-00'),
(2101, 17, '2013-08-17', 100, 'N', '0000-00-00'),
(2102, 17, '2013-08-18', 100, 'N', '0000-00-00'),
(2103, 17, '2013-08-19', 100, 'N', '0000-00-00'),
(2104, 17, '2013-08-20', 100, 'N', '0000-00-00'),
(2105, 17, '2013-08-21', 100, 'N', '0000-00-00'),
(2106, 17, '2013-08-22', 100, 'N', '0000-00-00'),
(2107, 17, '2013-08-23', 100, 'N', '0000-00-00'),
(2108, 17, '2013-08-24', 100, 'N', '0000-00-00'),
(2109, 17, '2013-08-25', 100, 'N', '0000-00-00'),
(2110, 17, '2013-08-26', 100, 'N', '0000-00-00'),
(2111, 17, '2013-08-27', 100, 'N', '0000-00-00'),
(2112, 17, '2013-08-28', 100, 'N', '0000-00-00'),
(2113, 17, '2013-08-29', 100, 'N', '0000-00-00'),
(2114, 17, '2013-08-30', 100, 'N', '0000-00-00'),
(2115, 17, '2013-08-31', 100, 'N', '0000-00-00'),
(2116, 17, '2013-09-01', 100, 'N', '0000-00-00'),
(2117, 17, '2013-09-02', 100, 'N', '0000-00-00'),
(2118, 17, '2013-09-03', 100, 'N', '0000-00-00'),
(2119, 17, '2013-09-04', 100, 'N', '0000-00-00'),
(2120, 17, '2013-09-05', 100, 'N', '0000-00-00'),
(2121, 17, '2013-09-06', 100, 'N', '0000-00-00'),
(2122, 17, '2013-09-07', 100, 'N', '0000-00-00'),
(2123, 17, '2013-09-08', 100, 'N', '0000-00-00'),
(2124, 17, '2013-09-09', 100, 'N', '0000-00-00'),
(2125, 17, '2013-09-10', 100, 'N', '0000-00-00'),
(2126, 17, '2013-09-11', 100, 'N', '0000-00-00'),
(2127, 17, '2013-09-12', 100, 'N', '0000-00-00'),
(2128, 17, '2013-09-13', 100, 'N', '0000-00-00'),
(2129, 17, '2013-09-14', 100, 'N', '0000-00-00'),
(2130, 17, '2013-09-15', 100, 'N', '0000-00-00'),
(2131, 17, '2013-09-16', 100, 'N', '0000-00-00'),
(2132, 17, '2013-09-17', 100, 'N', '0000-00-00'),
(2133, 17, '2013-09-18', 100, 'N', '0000-00-00'),
(2134, 17, '2013-09-19', 100, 'N', '0000-00-00'),
(2135, 17, '2013-09-20', 100, 'N', '0000-00-00'),
(2136, 17, '2013-09-21', 100, 'N', '0000-00-00'),
(2137, 17, '2013-09-22', 100, 'N', '0000-00-00'),
(2138, 17, '2013-09-23', 100, 'N', '0000-00-00'),
(2139, 17, '2013-09-24', 100, 'N', '0000-00-00'),
(2140, 17, '2013-09-25', 100, 'N', '0000-00-00'),
(2141, 17, '2013-09-26', 100, 'N', '0000-00-00'),
(2142, 17, '2013-09-27', 100, 'N', '0000-00-00'),
(2143, 17, '2013-09-28', 100, 'N', '0000-00-00'),
(2144, 17, '2013-09-29', 100, 'N', '0000-00-00'),
(2145, 17, '2013-09-30', 100, 'N', '0000-00-00'),
(2146, 17, '2013-10-01', 100, 'N', '0000-00-00'),
(2147, 17, '2013-10-02', 100, 'N', '0000-00-00'),
(2148, 17, '2013-10-03', 100, 'N', '0000-00-00'),
(2149, 17, '2013-10-04', 100, 'N', '0000-00-00'),
(2150, 17, '2013-10-05', 100, 'N', '0000-00-00'),
(2151, 17, '2013-10-06', 100, 'N', '0000-00-00'),
(2152, 17, '2013-10-07', 100, 'N', '0000-00-00'),
(2153, 17, '2013-10-08', 100, 'N', '0000-00-00'),
(2154, 17, '2013-10-09', 100, 'N', '0000-00-00'),
(2155, 17, '2013-10-10', 100, 'N', '0000-00-00'),
(2156, 17, '2013-10-11', 100, 'N', '0000-00-00'),
(2157, 17, '2013-10-12', 100, 'N', '0000-00-00'),
(2158, 17, '2013-10-13', 100, 'N', '0000-00-00'),
(2159, 17, '2013-10-14', 100, 'N', '0000-00-00'),
(2160, 17, '2013-10-15', 100, 'N', '0000-00-00'),
(2161, 18, '2013-07-08', 100, 'Y', '2013-07-08'),
(2162, 18, '2013-07-09', 100, 'Y', '2013-07-09'),
(2163, 18, '2013-07-10', 100, 'Y', '2013-07-10'),
(2164, 18, '2013-07-11', 100, 'Y', '2013-07-11'),
(2165, 18, '2013-07-12', 100, 'Y', '2013-07-16'),
(2166, 18, '2013-07-13', 100, 'Y', '2013-07-16'),
(2167, 18, '2013-07-14', 100, 'Y', '2013-07-16'),
(2168, 18, '2013-07-15', 100, 'Y', '2013-07-16'),
(2169, 18, '2013-07-16', 100, 'Y', '2013-07-16'),
(2170, 18, '2013-07-17', 100, 'Y', '2013-07-22'),
(2171, 18, '2013-07-18', 100, 'N', '0000-00-00'),
(2172, 18, '2013-07-19', 100, 'N', '0000-00-00'),
(2173, 18, '2013-07-20', 100, 'N', '0000-00-00'),
(2174, 18, '2013-07-21', 100, 'N', '0000-00-00'),
(2175, 18, '2013-07-22', 100, 'N', '0000-00-00'),
(2176, 18, '2013-07-23', 100, 'N', '0000-00-00'),
(2177, 18, '2013-07-24', 100, 'N', '0000-00-00'),
(2178, 18, '2013-07-25', 100, 'N', '0000-00-00'),
(2179, 18, '2013-07-26', 100, 'N', '0000-00-00'),
(2180, 18, '2013-07-27', 100, 'N', '0000-00-00'),
(2181, 18, '2013-07-28', 100, 'N', '0000-00-00'),
(2182, 18, '2013-07-29', 100, 'N', '0000-00-00'),
(2183, 18, '2013-07-30', 100, 'N', '0000-00-00'),
(2184, 18, '2013-07-31', 100, 'N', '0000-00-00'),
(2185, 18, '2013-08-01', 100, 'N', '0000-00-00'),
(2186, 18, '2013-08-02', 100, 'N', '0000-00-00'),
(2187, 18, '2013-08-03', 100, 'N', '0000-00-00'),
(2188, 18, '2013-08-04', 100, 'N', '0000-00-00'),
(2189, 18, '2013-08-05', 100, 'N', '0000-00-00'),
(2190, 18, '2013-08-06', 100, 'N', '0000-00-00'),
(2191, 18, '2013-08-07', 100, 'N', '0000-00-00'),
(2192, 18, '2013-08-08', 100, 'N', '0000-00-00'),
(2193, 18, '2013-08-09', 100, 'N', '0000-00-00'),
(2194, 18, '2013-08-10', 100, 'N', '0000-00-00'),
(2195, 18, '2013-08-11', 100, 'N', '0000-00-00'),
(2196, 18, '2013-08-12', 100, 'N', '0000-00-00'),
(2197, 18, '2013-08-13', 100, 'N', '0000-00-00'),
(2198, 18, '2013-08-14', 100, 'N', '0000-00-00'),
(2199, 18, '2013-08-15', 100, 'N', '0000-00-00'),
(2200, 18, '2013-08-16', 100, 'N', '0000-00-00'),
(2201, 18, '2013-08-17', 100, 'N', '0000-00-00'),
(2202, 18, '2013-08-18', 100, 'N', '0000-00-00'),
(2203, 18, '2013-08-19', 100, 'N', '0000-00-00'),
(2204, 18, '2013-08-20', 100, 'N', '0000-00-00'),
(2205, 18, '2013-08-21', 100, 'N', '0000-00-00'),
(2206, 18, '2013-08-22', 100, 'N', '0000-00-00'),
(2207, 18, '2013-08-23', 100, 'N', '0000-00-00'),
(2208, 18, '2013-08-24', 100, 'N', '0000-00-00'),
(2209, 18, '2013-08-25', 100, 'N', '0000-00-00'),
(2210, 18, '2013-08-26', 100, 'N', '0000-00-00'),
(2211, 18, '2013-08-27', 100, 'N', '0000-00-00'),
(2212, 18, '2013-08-28', 100, 'N', '0000-00-00'),
(2213, 18, '2013-08-29', 100, 'N', '0000-00-00'),
(2214, 18, '2013-08-30', 100, 'N', '0000-00-00'),
(2215, 18, '2013-08-31', 100, 'N', '0000-00-00'),
(2216, 18, '2013-09-01', 100, 'N', '0000-00-00'),
(2217, 18, '2013-09-02', 100, 'N', '0000-00-00'),
(2218, 18, '2013-09-03', 100, 'N', '0000-00-00'),
(2219, 18, '2013-09-04', 100, 'N', '0000-00-00'),
(2220, 18, '2013-09-05', 100, 'N', '0000-00-00'),
(2221, 18, '2013-09-06', 100, 'N', '0000-00-00'),
(2222, 18, '2013-09-07', 100, 'N', '0000-00-00'),
(2223, 18, '2013-09-08', 100, 'N', '0000-00-00'),
(2224, 18, '2013-09-09', 100, 'N', '0000-00-00'),
(2225, 18, '2013-09-10', 100, 'N', '0000-00-00'),
(2226, 18, '2013-09-11', 100, 'N', '0000-00-00'),
(2227, 18, '2013-09-12', 100, 'N', '0000-00-00'),
(2228, 18, '2013-09-13', 100, 'N', '0000-00-00'),
(2229, 18, '2013-09-14', 100, 'N', '0000-00-00'),
(2230, 18, '2013-09-15', 100, 'N', '0000-00-00'),
(2231, 18, '2013-09-16', 100, 'N', '0000-00-00'),
(2232, 18, '2013-09-17', 100, 'N', '0000-00-00'),
(2233, 18, '2013-09-18', 100, 'N', '0000-00-00'),
(2234, 18, '2013-09-19', 100, 'N', '0000-00-00'),
(2235, 18, '2013-09-20', 100, 'N', '0000-00-00'),
(2236, 18, '2013-09-21', 100, 'N', '0000-00-00'),
(2237, 18, '2013-09-22', 100, 'N', '0000-00-00'),
(2238, 18, '2013-09-23', 100, 'N', '0000-00-00'),
(2239, 18, '2013-09-24', 100, 'N', '0000-00-00'),
(2240, 18, '2013-09-25', 100, 'N', '0000-00-00'),
(2241, 18, '2013-09-26', 100, 'N', '0000-00-00'),
(2242, 18, '2013-09-27', 100, 'N', '0000-00-00'),
(2243, 18, '2013-09-28', 100, 'N', '0000-00-00'),
(2244, 18, '2013-09-29', 100, 'N', '0000-00-00'),
(2245, 18, '2013-09-30', 100, 'N', '0000-00-00'),
(2246, 18, '2013-10-01', 100, 'N', '0000-00-00'),
(2247, 18, '2013-10-02', 100, 'N', '0000-00-00'),
(2248, 18, '2013-10-03', 100, 'N', '0000-00-00'),
(2249, 18, '2013-10-04', 100, 'N', '0000-00-00'),
(2250, 18, '2013-10-05', 100, 'N', '0000-00-00'),
(2251, 18, '2013-10-06', 100, 'N', '0000-00-00'),
(2252, 18, '2013-10-07', 100, 'N', '0000-00-00'),
(2253, 18, '2013-10-08', 100, 'N', '0000-00-00'),
(2254, 18, '2013-10-09', 100, 'N', '0000-00-00'),
(2255, 18, '2013-10-10', 100, 'N', '0000-00-00'),
(2256, 18, '2013-10-11', 100, 'N', '0000-00-00'),
(2257, 18, '2013-10-12', 100, 'N', '0000-00-00'),
(2258, 18, '2013-10-13', 100, 'N', '0000-00-00'),
(2259, 18, '2013-10-14', 100, 'N', '0000-00-00'),
(2260, 18, '2013-10-15', 100, 'N', '0000-00-00'),
(2261, 19, '2013-07-08', 100, 'Y', '2013-07-08'),
(2262, 19, '2013-07-09', 100, 'Y', '2013-07-09'),
(2263, 19, '2013-07-10', 100, 'Y', '2013-07-10'),
(2264, 19, '2013-07-11', 100, 'Y', '2013-07-11'),
(2265, 19, '2013-07-12', 100, 'Y', '2013-07-12'),
(2266, 19, '2013-07-13', 100, 'Y', '2013-07-16'),
(2267, 19, '2013-07-14', 100, 'Y', '2013-07-16'),
(2268, 19, '2013-07-15', 100, 'Y', '2013-07-16'),
(2269, 19, '2013-07-16', 100, 'Y', '2013-07-16'),
(2270, 19, '2013-07-17', 100, 'Y', '2013-07-22'),
(2271, 19, '2013-07-18', 100, 'N', '0000-00-00'),
(2272, 19, '2013-07-19', 100, 'N', '0000-00-00'),
(2273, 19, '2013-07-20', 100, 'N', '0000-00-00'),
(2274, 19, '2013-07-21', 100, 'N', '0000-00-00'),
(2275, 19, '2013-07-22', 100, 'N', '0000-00-00'),
(2276, 19, '2013-07-23', 100, 'N', '0000-00-00'),
(2277, 19, '2013-07-24', 100, 'N', '0000-00-00'),
(2278, 19, '2013-07-25', 100, 'N', '0000-00-00'),
(2279, 19, '2013-07-26', 100, 'N', '0000-00-00'),
(2280, 19, '2013-07-27', 100, 'N', '0000-00-00'),
(2281, 19, '2013-07-28', 100, 'N', '0000-00-00'),
(2282, 19, '2013-07-29', 100, 'N', '0000-00-00'),
(2283, 19, '2013-07-30', 100, 'N', '0000-00-00'),
(2284, 19, '2013-07-31', 100, 'N', '0000-00-00'),
(2285, 19, '2013-08-01', 100, 'N', '0000-00-00'),
(2286, 19, '2013-08-02', 100, 'N', '0000-00-00'),
(2287, 19, '2013-08-03', 100, 'N', '0000-00-00'),
(2288, 19, '2013-08-04', 100, 'N', '0000-00-00'),
(2289, 19, '2013-08-05', 100, 'N', '0000-00-00'),
(2290, 19, '2013-08-06', 100, 'N', '0000-00-00'),
(2291, 19, '2013-08-07', 100, 'N', '0000-00-00'),
(2292, 19, '2013-08-08', 100, 'N', '0000-00-00'),
(2293, 19, '2013-08-09', 100, 'N', '0000-00-00'),
(2294, 19, '2013-08-10', 100, 'N', '0000-00-00'),
(2295, 19, '2013-08-11', 100, 'N', '0000-00-00'),
(2296, 19, '2013-08-12', 100, 'N', '0000-00-00'),
(2297, 19, '2013-08-13', 100, 'N', '0000-00-00'),
(2298, 19, '2013-08-14', 100, 'N', '0000-00-00'),
(2299, 19, '2013-08-15', 100, 'N', '0000-00-00'),
(2300, 19, '2013-08-16', 100, 'N', '0000-00-00'),
(2301, 19, '2013-08-17', 100, 'N', '0000-00-00'),
(2302, 19, '2013-08-18', 100, 'N', '0000-00-00'),
(2303, 19, '2013-08-19', 100, 'N', '0000-00-00'),
(2304, 19, '2013-08-20', 100, 'N', '0000-00-00'),
(2305, 19, '2013-08-21', 100, 'N', '0000-00-00'),
(2306, 19, '2013-08-22', 100, 'N', '0000-00-00'),
(2307, 19, '2013-08-23', 100, 'N', '0000-00-00'),
(2308, 19, '2013-08-24', 100, 'N', '0000-00-00'),
(2309, 19, '2013-08-25', 100, 'N', '0000-00-00'),
(2310, 19, '2013-08-26', 100, 'N', '0000-00-00'),
(2311, 19, '2013-08-27', 100, 'N', '0000-00-00'),
(2312, 19, '2013-08-28', 100, 'N', '0000-00-00'),
(2313, 19, '2013-08-29', 100, 'N', '0000-00-00'),
(2314, 19, '2013-08-30', 100, 'N', '0000-00-00'),
(2315, 19, '2013-08-31', 100, 'N', '0000-00-00'),
(2316, 19, '2013-09-01', 100, 'N', '0000-00-00'),
(2317, 19, '2013-09-02', 100, 'N', '0000-00-00'),
(2318, 19, '2013-09-03', 100, 'N', '0000-00-00'),
(2319, 19, '2013-09-04', 100, 'N', '0000-00-00'),
(2320, 19, '2013-09-05', 100, 'N', '0000-00-00'),
(2321, 19, '2013-09-06', 100, 'N', '0000-00-00'),
(2322, 19, '2013-09-07', 100, 'N', '0000-00-00'),
(2323, 19, '2013-09-08', 100, 'N', '0000-00-00'),
(2324, 19, '2013-09-09', 100, 'N', '0000-00-00'),
(2325, 19, '2013-09-10', 100, 'N', '0000-00-00'),
(2326, 19, '2013-09-11', 100, 'N', '0000-00-00'),
(2327, 19, '2013-09-12', 100, 'N', '0000-00-00'),
(2328, 19, '2013-09-13', 100, 'N', '0000-00-00'),
(2329, 19, '2013-09-14', 100, 'N', '0000-00-00'),
(2330, 19, '2013-09-15', 100, 'N', '0000-00-00'),
(2331, 19, '2013-09-16', 100, 'N', '0000-00-00'),
(2332, 19, '2013-09-17', 100, 'N', '0000-00-00'),
(2333, 19, '2013-09-18', 100, 'N', '0000-00-00'),
(2334, 19, '2013-09-19', 100, 'N', '0000-00-00'),
(2335, 19, '2013-09-20', 100, 'N', '0000-00-00'),
(2336, 19, '2013-09-21', 100, 'N', '0000-00-00'),
(2337, 19, '2013-09-22', 100, 'N', '0000-00-00'),
(2338, 19, '2013-09-23', 100, 'N', '0000-00-00'),
(2339, 19, '2013-09-24', 100, 'N', '0000-00-00'),
(2340, 19, '2013-09-25', 100, 'N', '0000-00-00'),
(2341, 19, '2013-09-26', 100, 'N', '0000-00-00'),
(2342, 19, '2013-09-27', 100, 'N', '0000-00-00'),
(2343, 19, '2013-09-28', 100, 'N', '0000-00-00'),
(2344, 19, '2013-09-29', 100, 'N', '0000-00-00'),
(2345, 19, '2013-09-30', 100, 'N', '0000-00-00'),
(2346, 19, '2013-10-01', 100, 'N', '0000-00-00'),
(2347, 19, '2013-10-02', 100, 'N', '0000-00-00'),
(2348, 19, '2013-10-03', 100, 'N', '0000-00-00'),
(2349, 19, '2013-10-04', 100, 'N', '0000-00-00'),
(2350, 19, '2013-10-05', 100, 'N', '0000-00-00'),
(2351, 19, '2013-10-06', 100, 'N', '0000-00-00'),
(2352, 19, '2013-10-07', 100, 'N', '0000-00-00'),
(2353, 19, '2013-10-08', 100, 'N', '0000-00-00'),
(2354, 19, '2013-10-09', 100, 'N', '0000-00-00'),
(2355, 19, '2013-10-10', 100, 'N', '0000-00-00'),
(2356, 19, '2013-10-11', 100, 'N', '0000-00-00'),
(2357, 19, '2013-10-12', 100, 'N', '0000-00-00'),
(2358, 19, '2013-10-13', 100, 'N', '0000-00-00'),
(2359, 19, '2013-10-14', 100, 'N', '0000-00-00'),
(2360, 19, '2013-10-15', 100, 'N', '0000-00-00'),
(2361, 20, '2013-07-09', 100, 'Y', '2013-07-09'),
(2362, 20, '2013-07-10', 100, 'Y', '2013-07-10'),
(2363, 20, '2013-07-11', 100, 'Y', '2013-07-11'),
(2364, 20, '2013-07-12', 100, 'Y', '2013-07-16'),
(2365, 20, '2013-07-13', 100, 'Y', '2013-07-16'),
(2366, 20, '2013-07-14', 100, 'Y', '2013-07-16'),
(2367, 20, '2013-07-15', 100, 'Y', '2013-07-16'),
(2368, 20, '2013-07-16', 100, 'Y', '2013-07-16'),
(2369, 20, '2013-07-17', 100, 'N', '0000-00-00'),
(2370, 20, '2013-07-18', 100, 'N', '0000-00-00'),
(2371, 20, '2013-07-19', 100, 'N', '0000-00-00'),
(2372, 20, '2013-07-20', 100, 'N', '0000-00-00'),
(2373, 20, '2013-07-21', 100, 'N', '0000-00-00'),
(2374, 20, '2013-07-22', 100, 'N', '0000-00-00'),
(2375, 20, '2013-07-23', 100, 'N', '0000-00-00'),
(2376, 20, '2013-07-24', 100, 'N', '0000-00-00'),
(2377, 20, '2013-07-25', 100, 'N', '0000-00-00'),
(2378, 20, '2013-07-26', 100, 'N', '0000-00-00'),
(2379, 20, '2013-07-27', 100, 'N', '0000-00-00'),
(2380, 20, '2013-07-28', 100, 'N', '0000-00-00'),
(2381, 20, '2013-07-29', 100, 'N', '0000-00-00'),
(2382, 20, '2013-07-30', 100, 'N', '0000-00-00'),
(2383, 20, '2013-07-31', 100, 'N', '0000-00-00'),
(2384, 20, '2013-08-01', 100, 'N', '0000-00-00'),
(2385, 20, '2013-08-02', 100, 'N', '0000-00-00'),
(2386, 20, '2013-08-03', 100, 'N', '0000-00-00'),
(2387, 20, '2013-08-04', 100, 'N', '0000-00-00'),
(2388, 20, '2013-08-05', 100, 'N', '0000-00-00'),
(2389, 20, '2013-08-06', 100, 'N', '0000-00-00'),
(2390, 20, '2013-08-07', 100, 'N', '0000-00-00'),
(2391, 20, '2013-08-08', 100, 'N', '0000-00-00'),
(2392, 20, '2013-08-09', 100, 'N', '0000-00-00'),
(2393, 20, '2013-08-10', 100, 'N', '0000-00-00'),
(2394, 20, '2013-08-11', 100, 'N', '0000-00-00'),
(2395, 20, '2013-08-12', 100, 'N', '0000-00-00'),
(2396, 20, '2013-08-13', 100, 'N', '0000-00-00'),
(2397, 20, '2013-08-14', 100, 'N', '0000-00-00'),
(2398, 20, '2013-08-15', 100, 'N', '0000-00-00'),
(2399, 20, '2013-08-16', 100, 'N', '0000-00-00'),
(2400, 20, '2013-08-17', 100, 'N', '0000-00-00'),
(2401, 20, '2013-08-18', 100, 'N', '0000-00-00'),
(2402, 20, '2013-08-19', 100, 'N', '0000-00-00'),
(2403, 20, '2013-08-20', 100, 'N', '0000-00-00'),
(2404, 20, '2013-08-21', 100, 'N', '0000-00-00'),
(2405, 20, '2013-08-22', 100, 'N', '0000-00-00'),
(2406, 20, '2013-08-23', 100, 'N', '0000-00-00'),
(2407, 20, '2013-08-24', 100, 'N', '0000-00-00'),
(2408, 20, '2013-08-25', 100, 'N', '0000-00-00'),
(2409, 20, '2013-08-26', 100, 'N', '0000-00-00'),
(2410, 20, '2013-08-27', 100, 'N', '0000-00-00'),
(2411, 20, '2013-08-28', 100, 'N', '0000-00-00'),
(2412, 20, '2013-08-29', 100, 'N', '0000-00-00'),
(2413, 20, '2013-08-30', 100, 'N', '0000-00-00'),
(2414, 20, '2013-08-31', 100, 'N', '0000-00-00'),
(2415, 20, '2013-09-01', 100, 'N', '0000-00-00'),
(2416, 20, '2013-09-02', 100, 'N', '0000-00-00'),
(2417, 20, '2013-09-03', 100, 'N', '0000-00-00'),
(2418, 20, '2013-09-04', 100, 'N', '0000-00-00'),
(2419, 20, '2013-09-05', 100, 'N', '0000-00-00'),
(2420, 20, '2013-09-06', 100, 'N', '0000-00-00'),
(2421, 20, '2013-09-07', 100, 'N', '0000-00-00'),
(2422, 20, '2013-09-08', 100, 'N', '0000-00-00'),
(2423, 20, '2013-09-09', 100, 'N', '0000-00-00'),
(2424, 20, '2013-09-10', 100, 'N', '0000-00-00'),
(2425, 20, '2013-09-11', 100, 'N', '0000-00-00'),
(2426, 20, '2013-09-12', 100, 'N', '0000-00-00'),
(2427, 20, '2013-09-13', 100, 'N', '0000-00-00'),
(2428, 20, '2013-09-14', 100, 'N', '0000-00-00'),
(2429, 20, '2013-09-15', 100, 'N', '0000-00-00'),
(2430, 20, '2013-09-16', 100, 'N', '0000-00-00'),
(2431, 20, '2013-09-17', 100, 'N', '0000-00-00'),
(2432, 20, '2013-09-18', 100, 'N', '0000-00-00'),
(2433, 20, '2013-09-19', 100, 'N', '0000-00-00'),
(2434, 20, '2013-09-20', 100, 'N', '0000-00-00'),
(2435, 20, '2013-09-21', 100, 'N', '0000-00-00'),
(2436, 20, '2013-09-22', 100, 'N', '0000-00-00'),
(2437, 20, '2013-09-23', 100, 'N', '0000-00-00'),
(2438, 20, '2013-09-24', 100, 'N', '0000-00-00'),
(2439, 20, '2013-09-25', 100, 'N', '0000-00-00'),
(2440, 20, '2013-09-26', 100, 'N', '0000-00-00'),
(2441, 20, '2013-09-27', 100, 'N', '0000-00-00'),
(2442, 20, '2013-09-28', 100, 'N', '0000-00-00'),
(2443, 20, '2013-09-29', 100, 'N', '0000-00-00'),
(2444, 20, '2013-09-30', 100, 'N', '0000-00-00'),
(2445, 20, '2013-10-01', 100, 'N', '0000-00-00'),
(2446, 20, '2013-10-02', 100, 'N', '0000-00-00'),
(2447, 20, '2013-10-03', 100, 'N', '0000-00-00'),
(2448, 20, '2013-10-04', 100, 'N', '0000-00-00'),
(2449, 20, '2013-10-05', 100, 'N', '0000-00-00'),
(2450, 20, '2013-10-06', 100, 'N', '0000-00-00'),
(2451, 20, '2013-10-07', 100, 'N', '0000-00-00'),
(2452, 20, '2013-10-08', 100, 'N', '0000-00-00'),
(2453, 20, '2013-10-09', 100, 'N', '0000-00-00'),
(2454, 20, '2013-10-10', 100, 'N', '0000-00-00'),
(2455, 20, '2013-10-11', 100, 'N', '0000-00-00'),
(2456, 20, '2013-10-12', 100, 'N', '0000-00-00'),
(2457, 20, '2013-10-13', 100, 'N', '0000-00-00'),
(2458, 20, '2013-10-14', 100, 'N', '0000-00-00'),
(2459, 20, '2013-10-15', 100, 'N', '0000-00-00'),
(2460, 20, '2013-10-16', 100, 'N', '0000-00-00'),
(2461, 14, '2013-07-08', 100, 'Y', '2013-07-08'),
(2462, 14, '2013-07-09', 100, 'Y', '2013-07-09'),
(2463, 14, '2013-07-10', 100, 'Y', '2013-07-10'),
(2464, 14, '2013-07-11', 100, 'Y', '2013-07-11'),
(2465, 14, '2013-07-12', 100, 'Y', '2013-07-12'),
(2466, 14, '2013-07-13', 100, 'Y', '2013-07-16'),
(2467, 14, '2013-07-14', 100, 'Y', '2013-07-16'),
(2468, 14, '2013-07-15', 100, 'Y', '2013-07-16'),
(2469, 14, '2013-07-16', 100, 'Y', '2013-07-16'),
(2470, 14, '2013-07-17', 100, 'Y', '2013-07-20'),
(2471, 14, '2013-07-18', 100, 'Y', '2013-07-20'),
(2472, 14, '2013-07-19', 100, 'N', '0000-00-00'),
(2473, 14, '2013-07-20', 100, 'N', '0000-00-00'),
(2474, 14, '2013-07-21', 100, 'N', '0000-00-00'),
(2475, 14, '2013-07-22', 100, 'N', '0000-00-00'),
(2476, 14, '2013-07-23', 100, 'N', '0000-00-00'),
(2477, 14, '2013-07-24', 100, 'N', '0000-00-00'),
(2478, 14, '2013-07-25', 100, 'N', '0000-00-00'),
(2479, 14, '2013-07-26', 100, 'N', '0000-00-00'),
(2480, 14, '2013-07-27', 100, 'N', '0000-00-00'),
(2481, 14, '2013-07-28', 100, 'N', '0000-00-00'),
(2482, 14, '2013-07-29', 100, 'N', '0000-00-00'),
(2483, 14, '2013-07-30', 100, 'N', '0000-00-00'),
(2484, 14, '2013-07-31', 100, 'N', '0000-00-00'),
(2485, 14, '2013-08-01', 100, 'N', '0000-00-00'),
(2486, 14, '2013-08-02', 100, 'N', '0000-00-00'),
(2487, 14, '2013-08-03', 100, 'N', '0000-00-00'),
(2488, 14, '2013-08-04', 100, 'N', '0000-00-00'),
(2489, 14, '2013-08-05', 100, 'N', '0000-00-00'),
(2490, 14, '2013-08-06', 100, 'N', '0000-00-00'),
(2491, 14, '2013-08-07', 100, 'N', '0000-00-00'),
(2492, 14, '2013-08-08', 100, 'N', '0000-00-00'),
(2493, 14, '2013-08-09', 100, 'N', '0000-00-00'),
(2494, 14, '2013-08-10', 100, 'N', '0000-00-00'),
(2495, 14, '2013-08-11', 100, 'N', '0000-00-00'),
(2496, 14, '2013-08-12', 100, 'N', '0000-00-00'),
(2497, 14, '2013-08-13', 100, 'N', '0000-00-00'),
(2498, 14, '2013-08-14', 100, 'N', '0000-00-00'),
(2499, 14, '2013-08-15', 100, 'N', '0000-00-00'),
(2500, 14, '2013-08-16', 100, 'N', '0000-00-00'),
(2501, 14, '2013-08-17', 100, 'N', '0000-00-00'),
(2502, 14, '2013-08-18', 100, 'N', '0000-00-00'),
(2503, 14, '2013-08-19', 100, 'N', '0000-00-00'),
(2504, 14, '2013-08-20', 100, 'N', '0000-00-00'),
(2505, 14, '2013-08-21', 100, 'N', '0000-00-00'),
(2506, 14, '2013-08-22', 100, 'N', '0000-00-00'),
(2507, 14, '2013-08-23', 100, 'N', '0000-00-00'),
(2508, 14, '2013-08-24', 100, 'N', '0000-00-00'),
(2509, 14, '2013-08-25', 100, 'N', '0000-00-00'),
(2510, 14, '2013-08-26', 100, 'N', '0000-00-00'),
(2511, 14, '2013-08-27', 100, 'N', '0000-00-00'),
(2512, 14, '2013-08-28', 100, 'N', '0000-00-00'),
(2513, 14, '2013-08-29', 100, 'N', '0000-00-00'),
(2514, 14, '2013-08-30', 100, 'N', '0000-00-00'),
(2515, 14, '2013-08-31', 100, 'N', '0000-00-00'),
(2516, 14, '2013-09-01', 100, 'N', '0000-00-00'),
(2517, 14, '2013-09-02', 100, 'N', '0000-00-00'),
(2518, 14, '2013-09-03', 100, 'N', '0000-00-00'),
(2519, 14, '2013-09-04', 100, 'N', '0000-00-00'),
(2520, 14, '2013-09-05', 100, 'N', '0000-00-00'),
(2521, 14, '2013-09-06', 100, 'N', '0000-00-00'),
(2522, 14, '2013-09-07', 100, 'N', '0000-00-00'),
(2523, 14, '2013-09-08', 100, 'N', '0000-00-00'),
(2524, 14, '2013-09-09', 100, 'N', '0000-00-00'),
(2525, 14, '2013-09-10', 100, 'N', '0000-00-00'),
(2526, 14, '2013-09-11', 100, 'N', '0000-00-00'),
(2527, 14, '2013-09-12', 100, 'N', '0000-00-00'),
(2528, 14, '2013-09-13', 100, 'N', '0000-00-00'),
(2529, 14, '2013-09-14', 100, 'N', '0000-00-00'),
(2530, 14, '2013-09-15', 100, 'N', '0000-00-00'),
(2531, 14, '2013-09-16', 100, 'N', '0000-00-00'),
(2532, 14, '2013-09-17', 100, 'N', '0000-00-00'),
(2533, 14, '2013-09-18', 100, 'N', '0000-00-00'),
(2534, 14, '2013-09-19', 100, 'N', '0000-00-00'),
(2535, 14, '2013-09-20', 100, 'N', '0000-00-00'),
(2536, 14, '2013-09-21', 100, 'N', '0000-00-00'),
(2537, 14, '2013-09-22', 100, 'N', '0000-00-00'),
(2538, 14, '2013-09-23', 100, 'N', '0000-00-00'),
(2539, 14, '2013-09-24', 100, 'N', '0000-00-00'),
(2540, 14, '2013-09-25', 100, 'N', '0000-00-00'),
(2541, 14, '2013-09-26', 100, 'N', '0000-00-00'),
(2542, 14, '2013-09-27', 100, 'N', '0000-00-00'),
(2543, 14, '2013-09-28', 100, 'N', '0000-00-00'),
(2544, 14, '2013-09-29', 100, 'N', '0000-00-00'),
(2545, 14, '2013-09-30', 100, 'N', '0000-00-00'),
(2546, 14, '2013-10-01', 100, 'N', '0000-00-00'),
(2547, 14, '2013-10-02', 100, 'N', '0000-00-00'),
(2548, 14, '2013-10-03', 100, 'N', '0000-00-00'),
(2549, 14, '2013-10-04', 100, 'N', '0000-00-00'),
(2550, 14, '2013-10-05', 100, 'N', '0000-00-00'),
(2551, 14, '2013-10-06', 100, 'N', '0000-00-00'),
(2552, 14, '2013-10-07', 100, 'N', '0000-00-00'),
(2553, 14, '2013-10-08', 100, 'N', '0000-00-00'),
(2554, 14, '2013-10-09', 100, 'N', '0000-00-00'),
(2555, 14, '2013-10-10', 100, 'N', '0000-00-00'),
(2556, 14, '2013-10-11', 100, 'N', '0000-00-00'),
(2557, 14, '2013-10-12', 100, 'N', '0000-00-00'),
(2558, 14, '2013-10-13', 100, 'N', '0000-00-00'),
(2559, 14, '2013-10-14', 100, 'N', '0000-00-00'),
(2560, 14, '2013-10-15', 100, 'N', '0000-00-00'),
(2561, 21, '2013-07-11', 500, 'Y', '2013-07-11'),
(2562, 21, '2013-07-12', 500, 'Y', '2013-07-16'),
(2563, 21, '2013-07-13', 500, 'Y', '2013-07-16'),
(2564, 21, '2013-07-14', 500, 'Y', '2013-07-22'),
(2565, 21, '2013-07-15', 500, 'N', '0000-00-00'),
(2566, 21, '2013-07-16', 500, 'N', '0000-00-00'),
(2567, 21, '2013-07-17', 500, 'N', '0000-00-00'),
(2568, 21, '2013-07-18', 500, 'N', '0000-00-00'),
(2569, 21, '2013-07-19', 500, 'N', '0000-00-00'),
(2570, 21, '2013-07-20', 500, 'N', '0000-00-00'),
(2571, 21, '2013-07-21', 500, 'N', '0000-00-00'),
(2572, 21, '2013-07-22', 500, 'N', '0000-00-00'),
(2573, 21, '2013-07-23', 500, 'N', '0000-00-00'),
(2574, 21, '2013-07-24', 500, 'N', '0000-00-00'),
(2575, 21, '2013-07-25', 500, 'N', '0000-00-00'),
(2576, 21, '2013-07-26', 500, 'N', '0000-00-00'),
(2577, 21, '2013-07-27', 500, 'N', '0000-00-00'),
(2578, 21, '2013-07-28', 500, 'N', '0000-00-00'),
(2579, 21, '2013-07-29', 500, 'N', '0000-00-00'),
(2580, 21, '2013-07-30', 500, 'N', '0000-00-00'),
(2581, 21, '2013-07-31', 500, 'N', '0000-00-00'),
(2582, 21, '2013-08-01', 500, 'N', '0000-00-00'),
(2583, 21, '2013-08-02', 500, 'N', '0000-00-00'),
(2584, 21, '2013-08-03', 500, 'N', '0000-00-00'),
(2585, 21, '2013-08-04', 500, 'N', '0000-00-00'),
(2586, 21, '2013-08-05', 500, 'N', '0000-00-00'),
(2587, 21, '2013-08-06', 500, 'N', '0000-00-00'),
(2588, 21, '2013-08-07', 500, 'N', '0000-00-00'),
(2589, 21, '2013-08-08', 500, 'N', '0000-00-00'),
(2590, 21, '2013-08-09', 500, 'N', '0000-00-00'),
(2591, 21, '2013-08-10', 500, 'N', '0000-00-00'),
(2592, 21, '2013-08-11', 500, 'N', '0000-00-00'),
(2593, 21, '2013-08-12', 500, 'N', '0000-00-00'),
(2594, 21, '2013-08-13', 500, 'N', '0000-00-00'),
(2595, 21, '2013-08-14', 500, 'N', '0000-00-00'),
(2596, 21, '2013-08-15', 500, 'N', '0000-00-00'),
(2597, 21, '2013-08-16', 500, 'N', '0000-00-00'),
(2598, 21, '2013-08-17', 500, 'N', '0000-00-00'),
(2599, 21, '2013-08-18', 500, 'N', '0000-00-00'),
(2600, 21, '2013-08-19', 500, 'N', '0000-00-00'),
(2601, 21, '2013-08-20', 500, 'N', '0000-00-00'),
(2602, 21, '2013-08-21', 500, 'N', '0000-00-00'),
(2603, 21, '2013-08-22', 500, 'N', '0000-00-00'),
(2604, 21, '2013-08-23', 500, 'N', '0000-00-00'),
(2605, 21, '2013-08-24', 500, 'N', '0000-00-00'),
(2606, 21, '2013-08-25', 500, 'N', '0000-00-00'),
(2607, 21, '2013-08-26', 500, 'N', '0000-00-00'),
(2608, 21, '2013-08-27', 500, 'N', '0000-00-00'),
(2609, 21, '2013-08-28', 500, 'N', '0000-00-00'),
(2610, 21, '2013-08-29', 500, 'N', '0000-00-00'),
(2611, 21, '2013-08-30', 500, 'N', '0000-00-00'),
(2612, 21, '2013-08-31', 500, 'N', '0000-00-00'),
(2613, 21, '2013-09-01', 500, 'N', '0000-00-00'),
(2614, 21, '2013-09-02', 500, 'N', '0000-00-00'),
(2615, 21, '2013-09-03', 500, 'N', '0000-00-00'),
(2616, 21, '2013-09-04', 500, 'N', '0000-00-00'),
(2617, 21, '2013-09-05', 500, 'N', '0000-00-00'),
(2618, 21, '2013-09-06', 500, 'N', '0000-00-00'),
(2619, 21, '2013-09-07', 500, 'N', '0000-00-00'),
(2620, 21, '2013-09-08', 500, 'N', '0000-00-00'),
(2621, 21, '2013-09-09', 500, 'N', '0000-00-00'),
(2622, 21, '2013-09-10', 500, 'N', '0000-00-00'),
(2623, 21, '2013-09-11', 500, 'N', '0000-00-00'),
(2624, 21, '2013-09-12', 500, 'N', '0000-00-00'),
(2625, 21, '2013-09-13', 500, 'N', '0000-00-00'),
(2626, 21, '2013-09-14', 500, 'N', '0000-00-00'),
(2627, 21, '2013-09-15', 500, 'N', '0000-00-00'),
(2628, 21, '2013-09-16', 500, 'N', '0000-00-00'),
(2629, 21, '2013-09-17', 500, 'N', '0000-00-00'),
(2630, 21, '2013-09-18', 500, 'N', '0000-00-00'),
(2631, 21, '2013-09-19', 500, 'N', '0000-00-00'),
(2632, 21, '2013-09-20', 500, 'N', '0000-00-00'),
(2633, 21, '2013-09-21', 500, 'N', '0000-00-00'),
(2634, 21, '2013-09-22', 500, 'N', '0000-00-00'),
(2635, 21, '2013-09-23', 500, 'N', '0000-00-00'),
(2636, 21, '2013-09-24', 500, 'N', '0000-00-00'),
(2637, 21, '2013-09-25', 500, 'N', '0000-00-00'),
(2638, 21, '2013-09-26', 500, 'N', '0000-00-00'),
(2639, 21, '2013-09-27', 500, 'N', '0000-00-00'),
(2640, 21, '2013-09-28', 500, 'N', '0000-00-00'),
(2641, 21, '2013-09-29', 500, 'N', '0000-00-00'),
(2642, 21, '2013-09-30', 500, 'N', '0000-00-00'),
(2643, 21, '2013-10-01', 500, 'N', '0000-00-00'),
(2644, 21, '2013-10-02', 500, 'N', '0000-00-00'),
(2645, 21, '2013-10-03', 500, 'N', '0000-00-00'),
(2646, 21, '2013-10-04', 500, 'N', '0000-00-00'),
(2647, 21, '2013-10-05', 500, 'N', '0000-00-00'),
(2648, 21, '2013-10-06', 500, 'N', '0000-00-00'),
(2649, 21, '2013-10-07', 500, 'N', '0000-00-00'),
(2650, 21, '2013-10-08', 500, 'N', '0000-00-00'),
(2651, 21, '2013-10-09', 500, 'N', '0000-00-00'),
(2652, 21, '2013-10-10', 500, 'N', '0000-00-00'),
(2653, 21, '2013-10-11', 500, 'N', '0000-00-00'),
(2654, 21, '2013-10-12', 500, 'N', '0000-00-00'),
(2655, 21, '2013-10-13', 500, 'N', '0000-00-00'),
(2656, 21, '2013-10-14', 500, 'N', '0000-00-00'),
(2657, 21, '2013-10-15', 500, 'N', '0000-00-00'),
(2658, 21, '2013-10-16', 500, 'N', '0000-00-00'),
(2659, 21, '2013-10-17', 500, 'N', '0000-00-00'),
(2660, 21, '2013-10-18', 500, 'N', '0000-00-00');

--
-- Dumping data for table `loan`
--

INSERT INTO `loan` (`loanId`, `partyId`, `loanDate`, `loanAmount`, `interest`, `installmentAmount`, `installmentDays`, `guaranterId`, `installmentReceived`) VALUES
(1, 1, '2013-06-28', 20000, 3000, 200, 100, 2, 2),
(2, 3, '2013-06-28', 10000, 1500, 100, 100, 4, 1),
(3, 4, '2013-06-28', 10000, 1500, 100, 100, 3, 1),
(4, 5, '2013-06-28', 10000, 1500, 100, 100, 6, 1),
(5, 7, '2013-07-02', 10000, 1500, 100, 100, 8, 2),
(6, 9, '2013-07-03', 30000, 4500, 300, 100, 10, 1),
(7, 11, '2013-07-04', 10000, 1500, 100, 100, 0, 10),
(8, 12, '2013-07-04', 50000, 7500, 500, 100, 13, 8),
(9, 14, '2013-07-04', 50000, 7500, 500, 100, 15, 1),
(10, 16, '2013-07-04', 50000, 7500, 500, 100, 0, 1),
(11, 17, '2013-07-05', 10000, 1500, 100, 100, 14, 2),
(12, 18, '2013-07-06', 100000, 15000, 1000, 100, 6, 3),
(13, 19, '2013-07-08', 6000, 1000, 100, 60, 0, 1),
(14, 20, '2013-07-08', 10000, 1500, 100, 100, 21, 5),
(15, 22, '2013-07-08', 20000, 3000, 200, 100, 23, 7),
(16, 24, '2013-07-08', 10000, 1500, 100, 100, 25, 5),
(17, 26, '2013-07-08', 10000, 1500, 100, 100, 27, 1),
(18, 28, '2013-07-08', 10000, 1500, 100, 100, 0, 1),
(19, 29, '2013-07-08', 10000, 1500, 100, 100, 30, 5),
(20, 31, '2013-07-09', 10000, 1500, 100, 100, 0, 2),
(21, 14, '2013-07-11', 50000, 7500, 500, 100, 15, 1);

--
-- Dumping data for table `party`
--

INSERT INTO `party` (`partyId`, `partyName`, `address`, `city`, `phone1`, `phone2`, `documentsId`, `otherInfo`, `partyStatus`) VALUES
(1, 'Ravi Acharya', '', 'Rajkot', '8735811165', '', '', '', 'Active'),
(2, 'Denishbhai', '', '', '9725995001', '', '', '', 'Active'),
(3, 'Kamal Kunj', '', '', '8488038980', '8490998066', '', '', 'Active'),
(4, 'Chor', '', '', '', '', '', '', 'Active'),
(5, 'Bhimbhai Kandoriya', '', '', '', '', '', '', 'Active'),
(6, 'Raval', '', '', '', '', '', '', 'Active'),
(7, ' bhartbhai visnu', '', '', '7778875152', '', '', '', 'Active'),
(8, 'babuchor', '', '', '', '', '', '', 'Active'),
(9, 'mavjibhai', '', '', '9925500141', '', '', '', 'Active'),
(10, 'bherumal', '', '', '', '', '', '', 'Active'),
(11, 'bhartbhai kiloseya', '', '', '9408005537', '', '', '', 'Active'),
(12, 'Krasnapari Goswami', '', '', '7802860101', '', '', '', 'Active'),
(13, 'Dhavalbhai', '', '', '', '', '', '', 'Active'),
(14, 'Sabbir Parmar', '', '', '8758003157', '9724708468', '', '', 'Active'),
(15, 'Salimbhai', '', '', '', '', '', '', 'Active'),
(16, 'vipulbhai Om', '', '', '9727691355', '9374973952', '', '', 'Active'),
(17, 'paramr hanifbhai', '', '', '9228765158', '', '', '', 'Active'),
(18, 'Gohil Kishorsih', '', '', '', '', '', '', 'Active'),
(19, 'Suryo Sindhi', '', '', '', '', '', '', 'Active'),
(20, 'prtyax jobanputra', '', '', '7600009794', '9898837837', '2', '', 'Active'),
(21, 'anand baldev', '', '', '', '', '', '', 'Active'),
(22, 'govindbhai', '', '', '8140786768', '', '', '', 'Active'),
(23, 'fauji', '', '', '', '', '', '', 'Active'),
(24, 'paresh nilani', '', '', '9137626112', '', '', '', 'Active'),
(25, 'bapu indavara', '', '', '', '', '', '', 'Active'),
(26, 'johny', '', '', '8511343230', '', '', '', 'Active'),
(27, 'rameshbhai', '', '', '', '', '', '', 'Active'),
(28, 'anil navlani', '', '', '9374737775', '', '', '', 'Active'),
(29, 'javedkhan pathan', '', '', '9924963644', '', '', '', 'Active'),
(30, 'shaileshbhai anand baldev', '', '', '', '', '', '', 'Active'),
(31, 'Jivan', '', '', '8734987844', '', '', '', 'Active');

--
-- Dumping data for table `transaction`
--

INSERT INTO `transaction` (`transactionId`, `accountId`, `transDate`, `amount`, `amountDrCr`, `interest30days`, `narration`) VALUES
(12, 9, '2013-07-11', 50000, 'Cr', 1500, ''),
(13, 15, '2013-07-11', 50000, 'Dr', 0, ''),
(14, 4, '2013-07-11', 1500, 'Dr', 0, ''),
(15, 9, '2013-06-28', 50000, 'Cr', 1500, ''),
(16, 15, '2013-06-28', 50000, 'Dr', 0, ''),
(17, 4, '2013-06-28', 1500, 'Dr', 0, ''),
(18, 9, '2013-07-02', 150000, 'Cr', 4500, ''),
(19, 15, '2013-07-02', 150000, 'Dr', 0, ''),
(20, 4, '2013-07-02', 4500, 'Dr', 0, ''),
(21, 9, '2013-07-04', 50000, 'Cr', 1500, ''),
(22, 15, '2013-07-04', 50000, 'Dr', 0, ''),
(23, 4, '2013-07-04', 1500, 'Dr', 0, ''),
(24, 9, '2013-07-06', 100000, 'Cr', 3000, ''),
(25, 15, '2013-07-06', 100000, 'Dr', 0, ''),
(26, 4, '2013-07-06', 3000, 'Dr', 0, ''),
(27, 9, '2013-07-08', 80000, 'Cr', 2400, ''),
(28, 15, '2013-07-08', 80000, 'Dr', 0, ''),
(29, 4, '2013-07-08', 2400, 'Dr', 0, ''),
(30, 9, '2013-07-17', 250000, 'Cr', 7500, ''),
(31, 15, '2013-07-17', 250000, 'Dr', 0, ''),
(32, 4, '2013-07-17', 7500, 'Dr', 0, ''),
(33, 16, '2013-07-16', 1000000, 'Cr', 30000, ''),
(34, 15, '2013-07-16', 1000000, 'Dr', 0, ''),
(35, 4, '2013-07-16', 30000, 'Dr', 0, '');

/*!40101 SET CHARACTER_SET_CLIENT=@OLD_CHARACTER_SET_CLIENT */;
/*!40101 SET CHARACTER_SET_RESULTS=@OLD_CHARACTER_SET_RESULTS */;
/*!40101 SET COLLATION_CONNECTION=@OLD_COLLATION_CONNECTION */;
