-- phpMyAdmin SQL Dump
-- version 4.5.1
-- http://www.phpmyadmin.net
--
-- Host: 127.0.0.1
-- Generation Time: May 16, 2016 at 09:03 AM
-- Server version: 10.1.9-MariaDB
-- PHP Version: 5.6.15

SET SQL_MODE = "NO_AUTO_VALUE_ON_ZERO";
SET time_zone = "+00:00";


/*!40101 SET @OLD_CHARACTER_SET_CLIENT=@@CHARACTER_SET_CLIENT */;
/*!40101 SET @OLD_CHARACTER_SET_RESULTS=@@CHARACTER_SET_RESULTS */;
/*!40101 SET @OLD_COLLATION_CONNECTION=@@COLLATION_CONNECTION */;
/*!40101 SET NAMES utf8mb4 */;

--
-- Database: `khush`
--

-- --------------------------------------------------------

--
-- Table structure for table `account`
--

CREATE TABLE `account` (
  `accountId` int(11) NOT NULL,
  `accountName` varchar(255) CHARACTER SET utf8 DEFAULT NULL,
  `otherInfo` varchar(5000) CHARACTER SET utf8 DEFAULT NULL,
  `inludeInPL` char(1) NOT NULL DEFAULT 'N'
) ENGINE=InnoDB DEFAULT CHARSET=latin1;

--
-- Dumping data for table `account`
--

INSERT INTO `account` (`accountId`, `accountName`, `otherInfo`, `inludeInPL`) VALUES
(1, 'Loan Amount', NULL, 'N'),
(2, 'Interest Amount', NULL, 'Y'),
(3, 'Expenses', NULL, 'Y'),
(4, 'Agent', NULL, 'Y'),
(5, 'FD Amount', NULL, 'N'),
(6, 'FD Interest', NULL, 'Y');

-- --------------------------------------------------------

--
-- Table structure for table `agent`
--

CREATE TABLE `agent` (
  `agent_id` int(11) NOT NULL,
  `agent_name` varchar(255) NOT NULL,
  `phone_no` varchar(20) NOT NULL,
  `commission` double NOT NULL
) ENGINE=InnoDB DEFAULT CHARSET=latin1;

--
-- Dumping data for table `agent`
--

INSERT INTO `agent` (`agent_id`, `agent_name`, `phone_no`, `commission`) VALUES
(1, 'Agent1', '123456', 2),
(2, 'LalitBhai', '19999999', 500),
(3, 'Agent1', '123456', 2);

-- --------------------------------------------------------

--
-- Table structure for table `documents`
--

CREATE TABLE `documents` (
  `documentsId` int(11) NOT NULL,
  `document` varchar(255) CHARACTER SET utf8 NOT NULL
) ENGINE=InnoDB DEFAULT CHARSET=latin1;

--
-- Dumping data for table `documents`
--

INSERT INTO `documents` (`documentsId`, `document`) VALUES
(1, 'Cheque');

-- --------------------------------------------------------

--
-- Table structure for table `fd_amount`
--

CREATE TABLE `fd_amount` (
  `fd_id` int(11) NOT NULL,
  `fd_party_id` int(11) DEFAULT NULL,
  `fd_amount` double DEFAULT NULL,
  `fd_interest_rate` float DEFAULT NULL,
  `lidha_aapya` enum('lidha','aapya') NOT NULL,
  `fd_date` date DEFAULT NULL
) ENGINE=InnoDB DEFAULT CHARSET=latin1;

--
-- Dumping data for table `fd_amount`
--

INSERT INTO `fd_amount` (`fd_id`, `fd_party_id`, `fd_amount`, `fd_interest_rate`, `lidha_aapya`, `fd_date`) VALUES
(6, 3, 25000, 2, 'lidha', '2016-05-16'),
(7, 1, 50000, 2, 'lidha', '2016-05-16');

-- --------------------------------------------------------

--
-- Table structure for table `fd_details`
--

CREATE TABLE `fd_details` (
  `fd_detail_id` bigint(32) UNSIGNED NOT NULL,
  `fd_id` int(11) UNSIGNED NOT NULL COMMENT 'ref key of loan table',
  `month` tinyint(2) UNSIGNED NOT NULL,
  `year` int(4) UNSIGNED NOT NULL,
  `display_text` varchar(30) NOT NULL,
  `recevied` tinyint(2) UNSIGNED NOT NULL DEFAULT '0',
  `recevied_date` datetime DEFAULT NULL,
  `due_date` date DEFAULT NULL
) ENGINE=InnoDB DEFAULT CHARSET=latin1;

--
-- Dumping data for table `fd_details`
--

INSERT INTO `fd_details` (`fd_detail_id`, `fd_id`, `month`, `year`, `display_text`, `recevied`, `recevied_date`, `due_date`) VALUES
(1, 6, 5, 2016, 'May-2016', 0, '0000-00-00 00:00:00', '2016-05-16'),
(2, 6, 6, 2016, 'June-2016', 0, '0000-00-00 00:00:00', '2016-06-16'),
(3, 6, 7, 2016, 'July-2016', 0, '0000-00-00 00:00:00', '2016-07-16'),
(4, 6, 8, 2016, 'August-2016', 0, '0000-00-00 00:00:00', '2016-08-16'),
(5, 6, 9, 2016, 'September-2016', 0, '0000-00-00 00:00:00', '2016-09-16'),
(6, 6, 10, 2016, 'October-2016', 0, '0000-00-00 00:00:00', '2016-10-16'),
(7, 6, 11, 2016, 'November-2016', 0, '0000-00-00 00:00:00', '2016-11-16'),
(8, 6, 12, 2016, 'December-2016', 0, '0000-00-00 00:00:00', '2016-12-16'),
(9, 6, 1, 2017, 'January-2017', 0, '0000-00-00 00:00:00', '2017-01-16'),
(10, 6, 2, 2017, 'February-2017', 0, '0000-00-00 00:00:00', '2017-02-16'),
(11, 6, 3, 2017, 'March-2017', 0, '0000-00-00 00:00:00', '2017-03-16'),
(12, 6, 4, 2017, 'April-2017', 0, '0000-00-00 00:00:00', '2017-04-16'),
(13, 7, 5, 2016, 'May-2016', 0, '0000-00-00 00:00:00', '2016-05-16'),
(14, 7, 6, 2016, 'June-2016', 0, '0000-00-00 00:00:00', '2016-06-16'),
(15, 7, 7, 2016, 'July-2016', 0, '0000-00-00 00:00:00', '2016-07-16'),
(16, 7, 8, 2016, 'August-2016', 0, '0000-00-00 00:00:00', '2016-08-16'),
(17, 7, 9, 2016, 'September-2016', 0, '0000-00-00 00:00:00', '2016-09-16'),
(18, 7, 10, 2016, 'October-2016', 0, '0000-00-00 00:00:00', '2016-10-16'),
(19, 7, 11, 2016, 'November-2016', 0, '0000-00-00 00:00:00', '2016-11-16'),
(20, 7, 12, 2016, 'December-2016', 0, '0000-00-00 00:00:00', '2016-12-16'),
(21, 7, 1, 2017, 'January-2017', 0, '0000-00-00 00:00:00', '2017-01-16'),
(22, 7, 2, 2017, 'February-2017', 0, '0000-00-00 00:00:00', '2017-02-16'),
(23, 7, 3, 2017, 'March-2017', 0, '0000-00-00 00:00:00', '2017-03-16'),
(24, 7, 4, 2017, 'April-2017', 0, '0000-00-00 00:00:00', '2017-04-16');

-- --------------------------------------------------------

--
-- Table structure for table `installment`
--

CREATE TABLE `installment` (
  `installmentId` int(11) NOT NULL,
  `loanId` int(11) DEFAULT NULL,
  `installmentNo` int(11) NOT NULL,
  `installmentDate` date DEFAULT NULL,
  `installmentAmount` double DEFAULT NULL,
  `isReceived` char(1) DEFAULT 'N',
  `receiveDate` date DEFAULT NULL
) ENGINE=InnoDB DEFAULT CHARSET=latin1;

--
-- Dumping data for table `installment`
--

INSERT INTO `installment` (`installmentId`, `loanId`, `installmentNo`, `installmentDate`, `installmentAmount`, `isReceived`, `receiveDate`) VALUES
(1, 1, 1, '2016-03-21', 100, 'Y', '2016-05-10'),
(2, 1, 2, '2016-03-22', 100, 'Y', '2016-05-15'),
(3, 1, 3, '2016-03-23', 100, 'N', '0000-00-00'),
(4, 1, 4, '2016-03-24', 100, 'N', '0000-00-00'),
(5, 1, 5, '2016-03-25', 100, 'N', '0000-00-00'),
(6, 1, 6, '2016-03-26', 100, 'N', '0000-00-00'),
(7, 1, 7, '2016-03-27', 100, 'N', '0000-00-00'),
(8, 1, 8, '2016-03-28', 100, 'N', '0000-00-00'),
(9, 1, 9, '2016-03-29', 100, 'N', '0000-00-00'),
(10, 1, 10, '2016-03-30', 100, 'N', '0000-00-00'),
(11, 1, 11, '2016-03-31', 100, 'N', '0000-00-00'),
(12, 1, 12, '2016-04-01', 100, 'N', '0000-00-00'),
(13, 1, 13, '2016-04-02', 100, 'N', '0000-00-00'),
(14, 1, 14, '2016-04-03', 100, 'N', '0000-00-00'),
(15, 1, 15, '2016-04-04', 100, 'N', '0000-00-00'),
(16, 1, 16, '2016-04-05', 100, 'N', '0000-00-00'),
(17, 1, 17, '2016-04-06', 100, 'N', '0000-00-00'),
(18, 1, 18, '2016-04-07', 100, 'N', '0000-00-00'),
(19, 1, 19, '2016-04-08', 100, 'N', '0000-00-00'),
(20, 1, 20, '2016-04-09', 100, 'N', '0000-00-00'),
(21, 1, 21, '2016-04-10', 100, 'N', '0000-00-00'),
(22, 1, 22, '2016-04-11', 100, 'N', '0000-00-00'),
(23, 1, 23, '2016-04-12', 100, 'N', '0000-00-00'),
(24, 1, 24, '2016-04-13', 100, 'N', '0000-00-00'),
(25, 1, 25, '2016-04-14', 100, 'N', '0000-00-00'),
(26, 1, 26, '2016-04-15', 100, 'N', '0000-00-00'),
(27, 1, 27, '2016-04-16', 100, 'N', '0000-00-00'),
(28, 1, 28, '2016-04-17', 100, 'N', '0000-00-00'),
(29, 1, 29, '2016-04-18', 100, 'N', '0000-00-00'),
(30, 1, 30, '2016-04-19', 100, 'N', '0000-00-00'),
(31, 1, 31, '2016-04-20', 100, 'N', '0000-00-00'),
(32, 1, 32, '2016-04-21', 100, 'N', '0000-00-00'),
(33, 1, 33, '2016-04-22', 100, 'N', '0000-00-00'),
(34, 1, 34, '2016-04-23', 100, 'N', '0000-00-00'),
(35, 1, 35, '2016-04-24', 100, 'N', '0000-00-00'),
(36, 1, 36, '2016-04-25', 100, 'N', '0000-00-00'),
(37, 1, 37, '2016-04-26', 100, 'N', '0000-00-00'),
(38, 1, 38, '2016-04-27', 100, 'N', '0000-00-00'),
(39, 1, 39, '2016-04-28', 100, 'N', '0000-00-00'),
(40, 1, 40, '2016-04-29', 100, 'N', '0000-00-00'),
(41, 1, 41, '2016-04-30', 100, 'N', '0000-00-00'),
(42, 1, 42, '2016-05-01', 100, 'N', '0000-00-00'),
(43, 1, 43, '2016-05-02', 100, 'N', '0000-00-00'),
(44, 1, 44, '2016-05-03', 100, 'N', '0000-00-00'),
(45, 1, 45, '2016-05-04', 100, 'N', '0000-00-00'),
(46, 1, 46, '2016-05-05', 100, 'N', '0000-00-00'),
(47, 1, 47, '2016-05-06', 100, 'N', '0000-00-00'),
(48, 1, 48, '2016-05-07', 100, 'N', '0000-00-00'),
(49, 1, 49, '2016-05-08', 100, 'N', '0000-00-00'),
(50, 1, 50, '2016-05-09', 100, 'N', '0000-00-00'),
(51, 1, 51, '2016-05-10', 100, 'N', '0000-00-00'),
(52, 1, 52, '2016-05-11', 100, 'N', '0000-00-00'),
(53, 1, 53, '2016-05-12', 100, 'N', '0000-00-00'),
(54, 1, 54, '2016-05-13', 100, 'N', '0000-00-00'),
(55, 1, 55, '2016-05-14', 100, 'N', '0000-00-00'),
(56, 1, 56, '2016-05-15', 100, 'N', '0000-00-00'),
(57, 1, 57, '2016-05-16', 100, 'N', '0000-00-00'),
(58, 1, 58, '2016-05-17', 100, 'N', '0000-00-00'),
(59, 1, 59, '2016-05-18', 100, 'N', '0000-00-00'),
(60, 1, 60, '2016-05-19', 100, 'N', '0000-00-00'),
(61, 1, 61, '2016-05-20', 100, 'N', '0000-00-00'),
(62, 1, 62, '2016-05-21', 100, 'N', '0000-00-00'),
(63, 1, 63, '2016-05-22', 100, 'N', '0000-00-00'),
(64, 1, 64, '2016-05-23', 100, 'N', '0000-00-00'),
(65, 1, 65, '2016-05-24', 100, 'N', '0000-00-00'),
(66, 1, 66, '2016-05-25', 100, 'N', '0000-00-00'),
(67, 1, 67, '2016-05-26', 100, 'N', '0000-00-00'),
(68, 1, 68, '2016-05-27', 100, 'N', '0000-00-00'),
(69, 1, 69, '2016-05-28', 100, 'N', '0000-00-00'),
(70, 1, 70, '2016-05-29', 100, 'N', '0000-00-00'),
(71, 1, 71, '2016-05-30', 100, 'N', '0000-00-00'),
(72, 1, 72, '2016-05-31', 100, 'N', '0000-00-00'),
(73, 1, 73, '2016-06-01', 100, 'N', '0000-00-00'),
(74, 1, 74, '2016-06-02', 100, 'N', '0000-00-00'),
(75, 1, 75, '2016-06-03', 100, 'N', '0000-00-00'),
(76, 1, 76, '2016-06-04', 100, 'N', '0000-00-00'),
(77, 1, 77, '2016-06-05', 100, 'N', '0000-00-00'),
(78, 1, 78, '2016-06-06', 100, 'N', '0000-00-00'),
(79, 1, 79, '2016-06-07', 100, 'N', '0000-00-00'),
(80, 1, 80, '2016-06-08', 100, 'N', '0000-00-00'),
(81, 1, 81, '2016-06-09', 100, 'N', '0000-00-00'),
(82, 1, 82, '2016-06-10', 100, 'N', '0000-00-00'),
(83, 1, 83, '2016-06-11', 100, 'N', '0000-00-00'),
(84, 1, 84, '2016-06-12', 100, 'N', '0000-00-00'),
(85, 1, 85, '2016-06-13', 100, 'N', '0000-00-00'),
(86, 1, 86, '2016-06-14', 100, 'N', '0000-00-00'),
(87, 1, 87, '2016-06-15', 100, 'N', '0000-00-00'),
(88, 1, 88, '2016-06-16', 100, 'N', '0000-00-00'),
(89, 1, 89, '2016-06-17', 100, 'N', '0000-00-00'),
(90, 1, 90, '2016-06-18', 100, 'N', '0000-00-00'),
(91, 1, 91, '2016-06-19', 100, 'N', '0000-00-00'),
(92, 1, 92, '2016-06-20', 100, 'N', '0000-00-00'),
(93, 1, 93, '2016-06-21', 100, 'N', '0000-00-00'),
(94, 1, 94, '2016-06-22', 100, 'N', '0000-00-00'),
(95, 1, 95, '2016-06-23', 100, 'N', '0000-00-00'),
(96, 1, 96, '2016-06-24', 100, 'N', '0000-00-00'),
(97, 1, 97, '2016-06-25', 100, 'N', '0000-00-00'),
(98, 1, 98, '2016-06-26', 100, 'N', '0000-00-00'),
(99, 1, 99, '2016-06-27', 100, 'N', '0000-00-00'),
(100, 1, 100, '2016-06-28', 100, 'N', '0000-00-00'),
(201, 3, 1, '2016-03-29', 100, 'Y', '2016-03-29'),
(202, 3, 2, '2016-03-30', 100, 'N', '0000-00-00'),
(203, 3, 3, '2016-03-31', 100, 'N', '0000-00-00'),
(204, 3, 4, '2016-04-01', 100, 'N', '0000-00-00'),
(205, 3, 5, '2016-04-02', 100, 'N', '0000-00-00'),
(206, 3, 6, '2016-04-03', 100, 'N', '0000-00-00'),
(207, 3, 7, '2016-04-04', 100, 'N', '0000-00-00'),
(208, 3, 8, '2016-04-05', 100, 'N', '0000-00-00'),
(209, 3, 9, '2016-04-06', 100, 'N', '0000-00-00'),
(210, 3, 10, '2016-04-07', 100, 'N', '0000-00-00'),
(211, 3, 11, '2016-04-08', 100, 'N', '0000-00-00'),
(212, 3, 12, '2016-04-09', 100, 'N', '0000-00-00'),
(213, 3, 13, '2016-04-10', 100, 'N', '0000-00-00'),
(214, 3, 14, '2016-04-11', 100, 'N', '0000-00-00'),
(215, 3, 15, '2016-04-12', 100, 'N', '0000-00-00'),
(216, 3, 16, '2016-04-13', 100, 'N', '0000-00-00'),
(217, 3, 17, '2016-04-14', 100, 'N', '0000-00-00'),
(218, 3, 18, '2016-04-15', 100, 'N', '0000-00-00'),
(219, 3, 19, '2016-04-16', 100, 'N', '0000-00-00'),
(220, 3, 20, '2016-04-17', 100, 'N', '0000-00-00'),
(221, 3, 21, '2016-04-18', 100, 'N', '0000-00-00'),
(222, 3, 22, '2016-04-19', 100, 'N', '0000-00-00'),
(223, 3, 23, '2016-04-20', 100, 'N', '0000-00-00'),
(224, 3, 24, '2016-04-21', 100, 'N', '0000-00-00'),
(225, 3, 25, '2016-04-22', 100, 'N', '0000-00-00'),
(226, 3, 26, '2016-04-23', 100, 'N', '0000-00-00'),
(227, 3, 27, '2016-04-24', 100, 'N', '0000-00-00'),
(228, 3, 28, '2016-04-25', 100, 'N', '0000-00-00'),
(229, 3, 29, '2016-04-26', 100, 'N', '0000-00-00'),
(230, 3, 30, '2016-04-27', 100, 'N', '0000-00-00'),
(231, 3, 31, '2016-04-28', 100, 'N', '0000-00-00'),
(232, 3, 32, '2016-04-29', 100, 'N', '0000-00-00'),
(233, 3, 33, '2016-04-30', 100, 'N', '0000-00-00'),
(234, 3, 34, '2016-05-01', 100, 'N', '0000-00-00'),
(235, 3, 35, '2016-05-02', 100, 'N', '0000-00-00'),
(236, 3, 36, '2016-05-03', 100, 'N', '0000-00-00'),
(237, 3, 37, '2016-05-04', 100, 'N', '0000-00-00'),
(238, 3, 38, '2016-05-05', 100, 'N', '0000-00-00'),
(239, 3, 39, '2016-05-06', 100, 'N', '0000-00-00'),
(240, 3, 40, '2016-05-07', 100, 'N', '0000-00-00'),
(241, 3, 41, '2016-05-08', 100, 'N', '0000-00-00'),
(242, 3, 42, '2016-05-09', 100, 'N', '0000-00-00'),
(243, 3, 43, '2016-05-10', 100, 'N', '0000-00-00'),
(244, 3, 44, '2016-05-11', 100, 'N', '0000-00-00'),
(245, 3, 45, '2016-05-12', 100, 'N', '0000-00-00'),
(246, 3, 46, '2016-05-13', 100, 'N', '0000-00-00'),
(247, 3, 47, '2016-05-14', 100, 'N', '0000-00-00'),
(248, 3, 48, '2016-05-15', 100, 'N', '0000-00-00'),
(249, 3, 49, '2016-05-16', 100, 'N', '0000-00-00'),
(250, 3, 50, '2016-05-17', 100, 'N', '0000-00-00'),
(251, 3, 51, '2016-05-18', 100, 'N', '0000-00-00'),
(252, 3, 52, '2016-05-19', 100, 'N', '0000-00-00'),
(253, 3, 53, '2016-05-20', 100, 'N', '0000-00-00'),
(254, 3, 54, '2016-05-21', 100, 'N', '0000-00-00'),
(255, 3, 55, '2016-05-22', 100, 'N', '0000-00-00'),
(256, 3, 56, '2016-05-23', 100, 'N', '0000-00-00'),
(257, 3, 57, '2016-05-24', 100, 'N', '0000-00-00'),
(258, 3, 58, '2016-05-25', 100, 'N', '0000-00-00'),
(259, 3, 59, '2016-05-26', 100, 'N', '0000-00-00'),
(260, 3, 60, '2016-05-27', 100, 'N', '0000-00-00'),
(261, 3, 61, '2016-05-28', 100, 'N', '0000-00-00'),
(262, 3, 62, '2016-05-29', 100, 'N', '0000-00-00'),
(263, 3, 63, '2016-05-30', 100, 'N', '0000-00-00'),
(264, 3, 64, '2016-05-31', 100, 'N', '0000-00-00'),
(265, 3, 65, '2016-06-01', 100, 'N', '0000-00-00'),
(266, 3, 66, '2016-06-02', 100, 'N', '0000-00-00'),
(267, 3, 67, '2016-06-03', 100, 'N', '0000-00-00'),
(268, 3, 68, '2016-06-04', 100, 'N', '0000-00-00'),
(269, 3, 69, '2016-06-05', 100, 'N', '0000-00-00'),
(270, 3, 70, '2016-06-06', 100, 'N', '0000-00-00'),
(271, 3, 71, '2016-06-07', 100, 'N', '0000-00-00'),
(272, 3, 72, '2016-06-08', 100, 'N', '0000-00-00'),
(273, 3, 73, '2016-06-09', 100, 'N', '0000-00-00'),
(274, 3, 74, '2016-06-10', 100, 'N', '0000-00-00'),
(275, 3, 75, '2016-06-11', 100, 'N', '0000-00-00'),
(276, 3, 76, '2016-06-12', 100, 'N', '0000-00-00'),
(277, 3, 77, '2016-06-13', 100, 'N', '0000-00-00'),
(278, 3, 78, '2016-06-14', 100, 'N', '0000-00-00'),
(279, 3, 79, '2016-06-15', 100, 'N', '0000-00-00'),
(280, 3, 80, '2016-06-16', 100, 'N', '0000-00-00'),
(281, 3, 81, '2016-06-17', 100, 'N', '0000-00-00'),
(282, 3, 82, '2016-06-18', 100, 'N', '0000-00-00'),
(283, 3, 83, '2016-06-19', 100, 'N', '0000-00-00'),
(284, 3, 84, '2016-06-20', 100, 'N', '0000-00-00'),
(285, 3, 85, '2016-06-21', 100, 'N', '0000-00-00'),
(286, 3, 86, '2016-06-22', 100, 'N', '0000-00-00'),
(287, 3, 87, '2016-06-23', 100, 'N', '0000-00-00'),
(288, 3, 88, '2016-06-24', 100, 'N', '0000-00-00'),
(289, 3, 89, '2016-06-25', 100, 'N', '0000-00-00'),
(290, 3, 90, '2016-06-26', 100, 'N', '0000-00-00'),
(291, 3, 91, '2016-06-27', 100, 'N', '0000-00-00'),
(292, 3, 92, '2016-06-28', 100, 'N', '0000-00-00'),
(293, 3, 93, '2016-06-29', 100, 'N', '0000-00-00'),
(294, 3, 94, '2016-06-30', 100, 'N', '0000-00-00'),
(295, 3, 95, '2016-07-01', 100, 'N', '0000-00-00'),
(296, 3, 96, '2016-07-02', 100, 'N', '0000-00-00'),
(297, 3, 97, '2016-07-03', 100, 'N', '0000-00-00'),
(298, 3, 98, '2016-07-04', 100, 'N', '0000-00-00'),
(299, 3, 99, '2016-07-05', 100, 'N', '0000-00-00'),
(300, 3, 100, '2016-07-06', 100, 'N', '0000-00-00'),
(301, 1, 1, '2016-04-15', 100, 'Y', '2016-05-10'),
(302, 1, 2, '2016-04-16', 100, 'Y', '2016-05-15'),
(303, 1, 3, '2016-04-17', 100, 'N', '0000-00-00'),
(304, 1, 4, '2016-04-18', 100, 'N', '0000-00-00'),
(305, 1, 5, '2016-04-19', 100, 'N', '0000-00-00'),
(306, 1, 6, '2016-04-20', 100, 'N', '0000-00-00'),
(307, 1, 7, '2016-04-21', 100, 'N', '0000-00-00'),
(308, 1, 8, '2016-04-22', 100, 'N', '0000-00-00'),
(309, 1, 9, '2016-04-23', 100, 'N', '0000-00-00'),
(310, 1, 10, '2016-04-24', 100, 'N', '0000-00-00'),
(311, 1, 11, '2016-04-25', 100, 'N', '0000-00-00'),
(312, 1, 12, '2016-04-26', 100, 'N', '0000-00-00'),
(313, 1, 13, '2016-04-27', 100, 'N', '0000-00-00'),
(314, 1, 14, '2016-04-28', 100, 'N', '0000-00-00'),
(315, 1, 15, '2016-04-29', 100, 'N', '0000-00-00'),
(316, 1, 16, '2016-04-30', 100, 'N', '0000-00-00'),
(317, 1, 17, '2016-05-01', 100, 'N', '0000-00-00'),
(318, 1, 18, '2016-05-02', 100, 'N', '0000-00-00'),
(319, 1, 19, '2016-05-03', 100, 'N', '0000-00-00'),
(320, 1, 20, '2016-05-04', 100, 'N', '0000-00-00'),
(321, 1, 21, '2016-05-05', 100, 'N', '0000-00-00'),
(322, 1, 22, '2016-05-06', 100, 'N', '0000-00-00'),
(323, 1, 23, '2016-05-07', 100, 'N', '0000-00-00'),
(324, 1, 24, '2016-05-08', 100, 'N', '0000-00-00'),
(325, 1, 25, '2016-05-09', 100, 'N', '0000-00-00'),
(326, 1, 26, '2016-05-10', 100, 'N', '0000-00-00'),
(327, 1, 27, '2016-05-11', 100, 'N', '0000-00-00'),
(328, 1, 28, '2016-05-12', 100, 'N', '0000-00-00'),
(329, 1, 29, '2016-05-13', 100, 'N', '0000-00-00'),
(330, 1, 30, '2016-05-14', 100, 'N', '0000-00-00'),
(331, 1, 31, '2016-05-15', 100, 'N', '0000-00-00'),
(332, 1, 32, '2016-05-16', 100, 'N', '0000-00-00'),
(333, 1, 33, '2016-05-17', 100, 'N', '0000-00-00'),
(334, 1, 34, '2016-05-18', 100, 'N', '0000-00-00'),
(335, 1, 35, '2016-05-19', 100, 'N', '0000-00-00'),
(336, 1, 36, '2016-05-20', 100, 'N', '0000-00-00'),
(337, 1, 37, '2016-05-21', 100, 'N', '0000-00-00'),
(338, 1, 38, '2016-05-22', 100, 'N', '0000-00-00'),
(339, 1, 39, '2016-05-23', 100, 'N', '0000-00-00'),
(340, 1, 40, '2016-05-24', 100, 'N', '0000-00-00'),
(341, 1, 41, '2016-05-25', 100, 'N', '0000-00-00'),
(342, 1, 42, '2016-05-26', 100, 'N', '0000-00-00'),
(343, 1, 43, '2016-05-27', 100, 'N', '0000-00-00'),
(344, 1, 44, '2016-05-28', 100, 'N', '0000-00-00'),
(345, 1, 45, '2016-05-29', 100, 'N', '0000-00-00'),
(346, 1, 46, '2016-05-30', 100, 'N', '0000-00-00'),
(347, 1, 47, '2016-05-31', 100, 'N', '0000-00-00'),
(348, 1, 48, '2016-06-01', 100, 'N', '0000-00-00'),
(349, 1, 49, '2016-06-02', 100, 'N', '0000-00-00'),
(350, 1, 50, '2016-06-03', 100, 'N', '0000-00-00'),
(351, 1, 51, '2016-06-04', 100, 'N', '0000-00-00'),
(352, 1, 52, '2016-06-05', 100, 'N', '0000-00-00'),
(353, 1, 53, '2016-06-06', 100, 'N', '0000-00-00'),
(354, 1, 54, '2016-06-07', 100, 'N', '0000-00-00'),
(355, 1, 55, '2016-06-08', 100, 'N', '0000-00-00'),
(356, 1, 56, '2016-06-09', 100, 'N', '0000-00-00'),
(357, 1, 57, '2016-06-10', 100, 'N', '0000-00-00'),
(358, 1, 58, '2016-06-11', 100, 'N', '0000-00-00'),
(359, 1, 59, '2016-06-12', 100, 'N', '0000-00-00'),
(360, 1, 60, '2016-06-13', 100, 'N', '0000-00-00'),
(361, 1, 61, '2016-06-14', 100, 'N', '0000-00-00'),
(362, 1, 62, '2016-06-15', 100, 'N', '0000-00-00'),
(363, 1, 63, '2016-06-16', 100, 'N', '0000-00-00'),
(364, 1, 64, '2016-06-17', 100, 'N', '0000-00-00'),
(365, 1, 65, '2016-06-18', 100, 'N', '0000-00-00'),
(366, 1, 66, '2016-06-19', 100, 'N', '0000-00-00'),
(367, 1, 67, '2016-06-20', 100, 'N', '0000-00-00'),
(368, 1, 68, '2016-06-21', 100, 'N', '0000-00-00'),
(369, 1, 69, '2016-06-22', 100, 'N', '0000-00-00'),
(370, 1, 70, '2016-06-23', 100, 'N', '0000-00-00'),
(371, 1, 71, '2016-06-24', 100, 'N', '0000-00-00'),
(372, 1, 72, '2016-06-25', 100, 'N', '0000-00-00'),
(373, 1, 73, '2016-06-26', 100, 'N', '0000-00-00'),
(374, 1, 74, '2016-06-27', 100, 'N', '0000-00-00'),
(375, 1, 75, '2016-06-28', 100, 'N', '0000-00-00'),
(376, 1, 76, '2016-06-29', 100, 'N', '0000-00-00'),
(377, 1, 77, '2016-06-30', 100, 'N', '0000-00-00'),
(378, 1, 78, '2016-07-01', 100, 'N', '0000-00-00'),
(379, 1, 79, '2016-07-02', 100, 'N', '0000-00-00'),
(380, 1, 80, '2016-07-03', 100, 'N', '0000-00-00'),
(381, 1, 81, '2016-07-04', 100, 'N', '0000-00-00'),
(382, 1, 82, '2016-07-05', 100, 'N', '0000-00-00'),
(383, 1, 83, '2016-07-06', 100, 'N', '0000-00-00'),
(384, 1, 84, '2016-07-07', 100, 'N', '0000-00-00'),
(385, 1, 85, '2016-07-08', 100, 'N', '0000-00-00'),
(386, 1, 86, '2016-07-09', 100, 'N', '0000-00-00'),
(387, 1, 87, '2016-07-10', 100, 'N', '0000-00-00'),
(388, 1, 88, '2016-07-11', 100, 'N', '0000-00-00'),
(389, 1, 89, '2016-07-12', 100, 'N', '0000-00-00'),
(390, 1, 90, '2016-07-13', 100, 'N', '0000-00-00'),
(391, 1, 91, '2016-07-14', 100, 'N', '0000-00-00'),
(392, 1, 92, '2016-07-15', 100, 'N', '0000-00-00'),
(393, 1, 93, '2016-07-16', 100, 'N', '0000-00-00'),
(394, 1, 94, '2016-07-17', 100, 'N', '0000-00-00'),
(395, 1, 95, '2016-07-18', 100, 'N', '0000-00-00'),
(396, 1, 96, '2016-07-19', 100, 'N', '0000-00-00'),
(397, 1, 97, '2016-07-20', 100, 'N', '0000-00-00'),
(398, 1, 98, '2016-07-21', 100, 'N', '0000-00-00'),
(399, 1, 99, '2016-07-22', 100, 'N', '0000-00-00'),
(400, 1, 100, '2016-07-23', 100, 'N', '0000-00-00'),
(401, 4, 1, '2016-04-15', 100, 'N', '0000-00-00'),
(402, 4, 2, '2016-04-16', 100, 'N', '0000-00-00'),
(403, 4, 3, '2016-04-17', 100, 'N', '0000-00-00'),
(404, 4, 4, '2016-04-18', 100, 'N', '0000-00-00'),
(405, 4, 5, '2016-04-19', 100, 'N', '0000-00-00'),
(406, 4, 6, '2016-04-20', 100, 'N', '0000-00-00'),
(407, 4, 7, '2016-04-21', 100, 'N', '0000-00-00'),
(408, 4, 8, '2016-04-22', 100, 'N', '0000-00-00'),
(409, 4, 9, '2016-04-23', 100, 'N', '0000-00-00'),
(410, 4, 10, '2016-04-24', 100, 'N', '0000-00-00'),
(411, 4, 11, '2016-04-25', 100, 'N', '0000-00-00'),
(412, 4, 12, '2016-04-26', 100, 'N', '0000-00-00'),
(413, 4, 13, '2016-04-27', 100, 'N', '0000-00-00'),
(414, 4, 14, '2016-04-28', 100, 'N', '0000-00-00'),
(415, 4, 15, '2016-04-29', 100, 'N', '0000-00-00'),
(416, 4, 16, '2016-04-30', 100, 'N', '0000-00-00'),
(417, 4, 17, '2016-05-01', 100, 'N', '0000-00-00'),
(418, 4, 18, '2016-05-02', 100, 'N', '0000-00-00'),
(419, 4, 19, '2016-05-03', 100, 'N', '0000-00-00'),
(420, 4, 20, '2016-05-04', 100, 'N', '0000-00-00'),
(421, 4, 21, '2016-05-05', 100, 'N', '0000-00-00'),
(422, 4, 22, '2016-05-06', 100, 'N', '0000-00-00'),
(423, 4, 23, '2016-05-07', 100, 'N', '0000-00-00'),
(424, 4, 24, '2016-05-08', 100, 'N', '0000-00-00'),
(425, 4, 25, '2016-05-09', 100, 'N', '0000-00-00'),
(426, 4, 26, '2016-05-10', 100, 'N', '0000-00-00'),
(427, 4, 27, '2016-05-11', 100, 'N', '0000-00-00'),
(428, 4, 28, '2016-05-12', 100, 'N', '0000-00-00'),
(429, 4, 29, '2016-05-13', 100, 'N', '0000-00-00'),
(430, 4, 30, '2016-05-14', 100, 'N', '0000-00-00'),
(431, 4, 31, '2016-05-15', 100, 'N', '0000-00-00'),
(432, 4, 32, '2016-05-16', 100, 'N', '0000-00-00'),
(433, 4, 33, '2016-05-17', 100, 'N', '0000-00-00'),
(434, 4, 34, '2016-05-18', 100, 'N', '0000-00-00'),
(435, 4, 35, '2016-05-19', 100, 'N', '0000-00-00'),
(436, 4, 36, '2016-05-20', 100, 'N', '0000-00-00'),
(437, 4, 37, '2016-05-21', 100, 'N', '0000-00-00'),
(438, 4, 38, '2016-05-22', 100, 'N', '0000-00-00'),
(439, 4, 39, '2016-05-23', 100, 'N', '0000-00-00'),
(440, 4, 40, '2016-05-24', 100, 'N', '0000-00-00'),
(441, 4, 41, '2016-05-25', 100, 'N', '0000-00-00'),
(442, 4, 42, '2016-05-26', 100, 'N', '0000-00-00'),
(443, 4, 43, '2016-05-27', 100, 'N', '0000-00-00'),
(444, 4, 44, '2016-05-28', 100, 'N', '0000-00-00'),
(445, 4, 45, '2016-05-29', 100, 'N', '0000-00-00'),
(446, 4, 46, '2016-05-30', 100, 'N', '0000-00-00'),
(447, 4, 47, '2016-05-31', 100, 'N', '0000-00-00'),
(448, 4, 48, '2016-06-01', 100, 'N', '0000-00-00'),
(449, 4, 49, '2016-06-02', 100, 'N', '0000-00-00'),
(450, 4, 50, '2016-06-03', 100, 'N', '0000-00-00'),
(451, 4, 51, '2016-06-04', 100, 'N', '0000-00-00'),
(452, 4, 52, '2016-06-05', 100, 'N', '0000-00-00'),
(453, 4, 53, '2016-06-06', 100, 'N', '0000-00-00'),
(454, 4, 54, '2016-06-07', 100, 'N', '0000-00-00'),
(455, 4, 55, '2016-06-08', 100, 'N', '0000-00-00'),
(456, 4, 56, '2016-06-09', 100, 'N', '0000-00-00'),
(457, 4, 57, '2016-06-10', 100, 'N', '0000-00-00'),
(458, 4, 58, '2016-06-11', 100, 'N', '0000-00-00'),
(459, 4, 59, '2016-06-12', 100, 'N', '0000-00-00'),
(460, 4, 60, '2016-06-13', 100, 'N', '0000-00-00'),
(461, 4, 61, '2016-06-14', 100, 'N', '0000-00-00'),
(462, 4, 62, '2016-06-15', 100, 'N', '0000-00-00'),
(463, 4, 63, '2016-06-16', 100, 'N', '0000-00-00'),
(464, 4, 64, '2016-06-17', 100, 'N', '0000-00-00'),
(465, 4, 65, '2016-06-18', 100, 'N', '0000-00-00'),
(466, 4, 66, '2016-06-19', 100, 'N', '0000-00-00'),
(467, 4, 67, '2016-06-20', 100, 'N', '0000-00-00'),
(468, 4, 68, '2016-06-21', 100, 'N', '0000-00-00'),
(469, 4, 69, '2016-06-22', 100, 'N', '0000-00-00'),
(470, 4, 70, '2016-06-23', 100, 'N', '0000-00-00'),
(471, 4, 71, '2016-06-24', 100, 'N', '0000-00-00'),
(472, 4, 72, '2016-06-25', 100, 'N', '0000-00-00'),
(473, 4, 73, '2016-06-26', 100, 'N', '0000-00-00'),
(474, 4, 74, '2016-06-27', 100, 'N', '0000-00-00'),
(475, 4, 75, '2016-06-28', 100, 'N', '0000-00-00'),
(476, 4, 76, '2016-06-29', 100, 'N', '0000-00-00'),
(477, 4, 77, '2016-06-30', 100, 'N', '0000-00-00'),
(478, 4, 78, '2016-07-01', 100, 'N', '0000-00-00'),
(479, 4, 79, '2016-07-02', 100, 'N', '0000-00-00'),
(480, 4, 80, '2016-07-03', 100, 'N', '0000-00-00'),
(481, 4, 81, '2016-07-04', 100, 'N', '0000-00-00'),
(482, 4, 82, '2016-07-05', 100, 'N', '0000-00-00'),
(483, 4, 83, '2016-07-06', 100, 'N', '0000-00-00'),
(484, 4, 84, '2016-07-07', 100, 'N', '0000-00-00'),
(485, 4, 85, '2016-07-08', 100, 'N', '0000-00-00'),
(486, 4, 86, '2016-07-09', 100, 'N', '0000-00-00'),
(487, 4, 87, '2016-07-10', 100, 'N', '0000-00-00'),
(488, 4, 88, '2016-07-11', 100, 'N', '0000-00-00'),
(489, 4, 89, '2016-07-12', 100, 'N', '0000-00-00'),
(490, 4, 90, '2016-07-13', 100, 'N', '0000-00-00'),
(491, 4, 91, '2016-07-14', 100, 'N', '0000-00-00'),
(492, 4, 92, '2016-07-15', 100, 'N', '0000-00-00'),
(493, 4, 93, '2016-07-16', 100, 'N', '0000-00-00'),
(494, 4, 94, '2016-07-17', 100, 'N', '0000-00-00'),
(495, 4, 95, '2016-07-18', 100, 'N', '0000-00-00'),
(496, 4, 96, '2016-07-19', 100, 'N', '0000-00-00'),
(497, 4, 97, '2016-07-20', 100, 'N', '0000-00-00'),
(498, 4, 98, '2016-07-21', 100, 'N', '0000-00-00'),
(499, 4, 99, '2016-07-22', 100, 'N', '0000-00-00'),
(500, 4, 100, '2016-07-23', 100, 'N', '0000-00-00'),
(501, 5, 1, '2016-04-15', 100, 'N', '0000-00-00'),
(502, 5, 2, '2016-04-16', 100, 'N', '0000-00-00'),
(503, 5, 3, '2016-04-17', 100, 'N', '0000-00-00'),
(504, 5, 4, '2016-04-18', 100, 'N', '0000-00-00'),
(505, 5, 5, '2016-04-19', 100, 'N', '0000-00-00'),
(506, 5, 6, '2016-04-20', 100, 'N', '0000-00-00'),
(507, 5, 7, '2016-04-21', 100, 'N', '0000-00-00'),
(508, 5, 8, '2016-04-22', 100, 'N', '0000-00-00'),
(509, 5, 9, '2016-04-23', 100, 'N', '0000-00-00'),
(510, 5, 10, '2016-04-24', 100, 'N', '0000-00-00'),
(511, 5, 11, '2016-04-25', 100, 'N', '0000-00-00'),
(512, 5, 12, '2016-04-26', 100, 'N', '0000-00-00'),
(513, 5, 13, '2016-04-27', 100, 'N', '0000-00-00'),
(514, 5, 14, '2016-04-28', 100, 'N', '0000-00-00'),
(515, 5, 15, '2016-04-29', 100, 'N', '0000-00-00'),
(516, 5, 16, '2016-04-30', 100, 'N', '0000-00-00'),
(517, 5, 17, '2016-05-01', 100, 'N', '0000-00-00'),
(518, 5, 18, '2016-05-02', 100, 'N', '0000-00-00'),
(519, 5, 19, '2016-05-03', 100, 'N', '0000-00-00'),
(520, 5, 20, '2016-05-04', 100, 'N', '0000-00-00'),
(521, 5, 21, '2016-05-05', 100, 'N', '0000-00-00'),
(522, 5, 22, '2016-05-06', 100, 'N', '0000-00-00'),
(523, 5, 23, '2016-05-07', 100, 'N', '0000-00-00'),
(524, 5, 24, '2016-05-08', 100, 'N', '0000-00-00'),
(525, 5, 25, '2016-05-09', 100, 'N', '0000-00-00'),
(526, 5, 26, '2016-05-10', 100, 'N', '0000-00-00'),
(527, 5, 27, '2016-05-11', 100, 'N', '0000-00-00'),
(528, 5, 28, '2016-05-12', 100, 'N', '0000-00-00'),
(529, 5, 29, '2016-05-13', 100, 'N', '0000-00-00'),
(530, 5, 30, '2016-05-14', 100, 'N', '0000-00-00'),
(531, 5, 31, '2016-05-15', 100, 'N', '0000-00-00'),
(532, 5, 32, '2016-05-16', 100, 'N', '0000-00-00'),
(533, 5, 33, '2016-05-17', 100, 'N', '0000-00-00'),
(534, 5, 34, '2016-05-18', 100, 'N', '0000-00-00'),
(535, 5, 35, '2016-05-19', 100, 'N', '0000-00-00'),
(536, 5, 36, '2016-05-20', 100, 'N', '0000-00-00'),
(537, 5, 37, '2016-05-21', 100, 'N', '0000-00-00'),
(538, 5, 38, '2016-05-22', 100, 'N', '0000-00-00'),
(539, 5, 39, '2016-05-23', 100, 'N', '0000-00-00'),
(540, 5, 40, '2016-05-24', 100, 'N', '0000-00-00'),
(541, 5, 41, '2016-05-25', 100, 'N', '0000-00-00'),
(542, 5, 42, '2016-05-26', 100, 'N', '0000-00-00'),
(543, 5, 43, '2016-05-27', 100, 'N', '0000-00-00'),
(544, 5, 44, '2016-05-28', 100, 'N', '0000-00-00'),
(545, 5, 45, '2016-05-29', 100, 'N', '0000-00-00'),
(546, 5, 46, '2016-05-30', 100, 'N', '0000-00-00'),
(547, 5, 47, '2016-05-31', 100, 'N', '0000-00-00'),
(548, 5, 48, '2016-06-01', 100, 'N', '0000-00-00'),
(549, 5, 49, '2016-06-02', 100, 'N', '0000-00-00'),
(550, 5, 50, '2016-06-03', 100, 'N', '0000-00-00'),
(551, 5, 51, '2016-06-04', 100, 'N', '0000-00-00'),
(552, 5, 52, '2016-06-05', 100, 'N', '0000-00-00'),
(553, 5, 53, '2016-06-06', 100, 'N', '0000-00-00'),
(554, 5, 54, '2016-06-07', 100, 'N', '0000-00-00'),
(555, 5, 55, '2016-06-08', 100, 'N', '0000-00-00'),
(556, 5, 56, '2016-06-09', 100, 'N', '0000-00-00'),
(557, 5, 57, '2016-06-10', 100, 'N', '0000-00-00'),
(558, 5, 58, '2016-06-11', 100, 'N', '0000-00-00'),
(559, 5, 59, '2016-06-12', 100, 'N', '0000-00-00'),
(560, 5, 60, '2016-06-13', 100, 'N', '0000-00-00'),
(561, 5, 61, '2016-06-14', 100, 'N', '0000-00-00'),
(562, 5, 62, '2016-06-15', 100, 'N', '0000-00-00'),
(563, 5, 63, '2016-06-16', 100, 'N', '0000-00-00'),
(564, 5, 64, '2016-06-17', 100, 'N', '0000-00-00'),
(565, 5, 65, '2016-06-18', 100, 'N', '0000-00-00'),
(566, 5, 66, '2016-06-19', 100, 'N', '0000-00-00'),
(567, 5, 67, '2016-06-20', 100, 'N', '0000-00-00'),
(568, 5, 68, '2016-06-21', 100, 'N', '0000-00-00'),
(569, 5, 69, '2016-06-22', 100, 'N', '0000-00-00'),
(570, 5, 70, '2016-06-23', 100, 'N', '0000-00-00'),
(571, 5, 71, '2016-06-24', 100, 'N', '0000-00-00'),
(572, 5, 72, '2016-06-25', 100, 'N', '0000-00-00'),
(573, 5, 73, '2016-06-26', 100, 'N', '0000-00-00'),
(574, 5, 74, '2016-06-27', 100, 'N', '0000-00-00'),
(575, 5, 75, '2016-06-28', 100, 'N', '0000-00-00'),
(576, 5, 76, '2016-06-29', 100, 'N', '0000-00-00'),
(577, 5, 77, '2016-06-30', 100, 'N', '0000-00-00'),
(578, 5, 78, '2016-07-01', 100, 'N', '0000-00-00'),
(579, 5, 79, '2016-07-02', 100, 'N', '0000-00-00'),
(580, 5, 80, '2016-07-03', 100, 'N', '0000-00-00'),
(581, 5, 81, '2016-07-04', 100, 'N', '0000-00-00'),
(582, 5, 82, '2016-07-05', 100, 'N', '0000-00-00'),
(583, 5, 83, '2016-07-06', 100, 'N', '0000-00-00'),
(584, 5, 84, '2016-07-07', 100, 'N', '0000-00-00'),
(585, 5, 85, '2016-07-08', 100, 'N', '0000-00-00'),
(586, 5, 86, '2016-07-09', 100, 'N', '0000-00-00'),
(587, 5, 87, '2016-07-10', 100, 'N', '0000-00-00'),
(588, 5, 88, '2016-07-11', 100, 'N', '0000-00-00'),
(589, 5, 89, '2016-07-12', 100, 'N', '0000-00-00'),
(590, 5, 90, '2016-07-13', 100, 'N', '0000-00-00'),
(591, 5, 91, '2016-07-14', 100, 'N', '0000-00-00'),
(592, 5, 92, '2016-07-15', 100, 'N', '0000-00-00'),
(593, 5, 93, '2016-07-16', 100, 'N', '0000-00-00'),
(594, 5, 94, '2016-07-17', 100, 'N', '0000-00-00'),
(595, 5, 95, '2016-07-18', 100, 'N', '0000-00-00'),
(596, 5, 96, '2016-07-19', 100, 'N', '0000-00-00'),
(597, 5, 97, '2016-07-20', 100, 'N', '0000-00-00'),
(598, 5, 98, '2016-07-21', 100, 'N', '0000-00-00'),
(599, 5, 99, '2016-07-22', 100, 'N', '0000-00-00'),
(600, 5, 100, '2016-07-23', 100, 'N', '0000-00-00'),
(601, 8, 1, '2016-05-10', 100, 'N', '0000-00-00'),
(602, 8, 2, '2016-05-11', 100, 'N', '0000-00-00'),
(603, 8, 3, '2016-05-12', 100, 'N', '0000-00-00'),
(604, 8, 4, '2016-05-13', 100, 'N', '0000-00-00'),
(605, 8, 5, '2016-05-14', 100, 'N', '0000-00-00'),
(606, 8, 6, '2016-05-15', 100, 'N', '0000-00-00'),
(607, 8, 7, '2016-05-16', 100, 'N', '0000-00-00'),
(608, 8, 8, '2016-05-17', 100, 'N', '0000-00-00'),
(609, 8, 9, '2016-05-18', 100, 'N', '0000-00-00'),
(610, 8, 10, '2016-05-19', 100, 'N', '0000-00-00'),
(611, 8, 11, '2016-05-20', 100, 'N', '0000-00-00'),
(612, 8, 12, '2016-05-21', 100, 'N', '0000-00-00'),
(613, 8, 13, '2016-05-22', 100, 'N', '0000-00-00'),
(614, 8, 14, '2016-05-23', 100, 'N', '0000-00-00'),
(615, 8, 15, '2016-05-24', 100, 'N', '0000-00-00'),
(616, 8, 16, '2016-05-25', 100, 'N', '0000-00-00'),
(617, 8, 17, '2016-05-26', 100, 'N', '0000-00-00'),
(618, 8, 18, '2016-05-27', 100, 'N', '0000-00-00'),
(619, 8, 19, '2016-05-28', 100, 'N', '0000-00-00'),
(620, 8, 20, '2016-05-29', 100, 'N', '0000-00-00'),
(621, 8, 21, '2016-05-30', 100, 'N', '0000-00-00'),
(622, 8, 22, '2016-05-31', 100, 'N', '0000-00-00'),
(623, 8, 23, '2016-06-01', 100, 'N', '0000-00-00'),
(624, 8, 24, '2016-06-02', 100, 'N', '0000-00-00'),
(625, 8, 25, '2016-06-03', 100, 'N', '0000-00-00'),
(626, 8, 26, '2016-06-04', 100, 'N', '0000-00-00'),
(627, 8, 27, '2016-06-05', 100, 'N', '0000-00-00'),
(628, 8, 28, '2016-06-06', 100, 'N', '0000-00-00'),
(629, 8, 29, '2016-06-07', 100, 'N', '0000-00-00'),
(630, 8, 30, '2016-06-08', 100, 'N', '0000-00-00'),
(631, 8, 31, '2016-06-09', 100, 'N', '0000-00-00'),
(632, 8, 32, '2016-06-10', 100, 'N', '0000-00-00'),
(633, 8, 33, '2016-06-11', 100, 'N', '0000-00-00'),
(634, 8, 34, '2016-06-12', 100, 'N', '0000-00-00'),
(635, 8, 35, '2016-06-13', 100, 'N', '0000-00-00'),
(636, 8, 36, '2016-06-14', 100, 'N', '0000-00-00'),
(637, 8, 37, '2016-06-15', 100, 'N', '0000-00-00'),
(638, 8, 38, '2016-06-16', 100, 'N', '0000-00-00'),
(639, 8, 39, '2016-06-17', 100, 'N', '0000-00-00'),
(640, 8, 40, '2016-06-18', 100, 'N', '0000-00-00'),
(641, 8, 41, '2016-06-19', 100, 'N', '0000-00-00'),
(642, 8, 42, '2016-06-20', 100, 'N', '0000-00-00'),
(643, 8, 43, '2016-06-21', 100, 'N', '0000-00-00'),
(644, 8, 44, '2016-06-22', 100, 'N', '0000-00-00'),
(645, 8, 45, '2016-06-23', 100, 'N', '0000-00-00'),
(646, 8, 46, '2016-06-24', 100, 'N', '0000-00-00'),
(647, 8, 47, '2016-06-25', 100, 'N', '0000-00-00'),
(648, 8, 48, '2016-06-26', 100, 'N', '0000-00-00'),
(649, 8, 49, '2016-06-27', 100, 'N', '0000-00-00'),
(650, 8, 50, '2016-06-28', 100, 'N', '0000-00-00'),
(651, 8, 51, '2016-06-29', 100, 'N', '0000-00-00'),
(652, 8, 52, '2016-06-30', 100, 'N', '0000-00-00'),
(653, 8, 53, '2016-07-01', 100, 'N', '0000-00-00'),
(654, 8, 54, '2016-07-02', 100, 'N', '0000-00-00'),
(655, 8, 55, '2016-07-03', 100, 'N', '0000-00-00'),
(656, 8, 56, '2016-07-04', 100, 'N', '0000-00-00'),
(657, 8, 57, '2016-07-05', 100, 'N', '0000-00-00'),
(658, 8, 58, '2016-07-06', 100, 'N', '0000-00-00'),
(659, 8, 59, '2016-07-07', 100, 'N', '0000-00-00'),
(660, 8, 60, '2016-07-08', 100, 'N', '0000-00-00'),
(661, 8, 61, '2016-07-09', 100, 'N', '0000-00-00'),
(662, 8, 62, '2016-07-10', 100, 'N', '0000-00-00'),
(663, 8, 63, '2016-07-11', 100, 'N', '0000-00-00'),
(664, 8, 64, '2016-07-12', 100, 'N', '0000-00-00'),
(665, 8, 65, '2016-07-13', 100, 'N', '0000-00-00'),
(666, 8, 66, '2016-07-14', 100, 'N', '0000-00-00'),
(667, 8, 67, '2016-07-15', 100, 'N', '0000-00-00'),
(668, 8, 68, '2016-07-16', 100, 'N', '0000-00-00'),
(669, 8, 69, '2016-07-17', 100, 'N', '0000-00-00'),
(670, 8, 70, '2016-07-18', 100, 'N', '0000-00-00'),
(671, 8, 71, '2016-07-19', 100, 'N', '0000-00-00'),
(672, 8, 72, '2016-07-20', 100, 'N', '0000-00-00'),
(673, 8, 73, '2016-07-21', 100, 'N', '0000-00-00'),
(674, 8, 74, '2016-07-22', 100, 'N', '0000-00-00'),
(675, 8, 75, '2016-07-23', 100, 'N', '0000-00-00'),
(676, 8, 76, '2016-07-24', 100, 'N', '0000-00-00'),
(677, 8, 77, '2016-07-25', 100, 'N', '0000-00-00'),
(678, 8, 78, '2016-07-26', 100, 'N', '0000-00-00'),
(679, 8, 79, '2016-07-27', 100, 'N', '0000-00-00'),
(680, 8, 80, '2016-07-28', 100, 'N', '0000-00-00'),
(681, 8, 81, '2016-07-29', 100, 'N', '0000-00-00'),
(682, 8, 82, '2016-07-30', 100, 'N', '0000-00-00'),
(683, 8, 83, '2016-07-31', 100, 'N', '0000-00-00'),
(684, 8, 84, '2016-08-01', 100, 'N', '0000-00-00'),
(685, 8, 85, '2016-08-02', 100, 'N', '0000-00-00'),
(686, 8, 86, '2016-08-03', 100, 'N', '0000-00-00'),
(687, 8, 87, '2016-08-04', 100, 'N', '0000-00-00'),
(688, 8, 88, '2016-08-05', 100, 'N', '0000-00-00'),
(689, 8, 89, '2016-08-06', 100, 'N', '0000-00-00'),
(690, 8, 90, '2016-08-07', 100, 'N', '0000-00-00'),
(691, 8, 91, '2016-08-08', 100, 'N', '0000-00-00'),
(692, 8, 92, '2016-08-09', 100, 'N', '0000-00-00'),
(693, 8, 93, '2016-08-10', 100, 'N', '0000-00-00'),
(694, 8, 94, '2016-08-11', 100, 'N', '0000-00-00'),
(695, 8, 95, '2016-08-12', 100, 'N', '0000-00-00'),
(696, 8, 96, '2016-08-13', 100, 'N', '0000-00-00'),
(697, 8, 97, '2016-08-14', 100, 'N', '0000-00-00'),
(698, 8, 98, '2016-08-15', 100, 'N', '0000-00-00'),
(699, 8, 99, '2016-08-16', 100, 'N', '0000-00-00'),
(700, 8, 100, '2016-08-17', 100, 'N', '0000-00-00'),
(701, 1, 1, '2016-05-10', 100, 'Y', '2016-05-10'),
(702, 1, 2, '2016-05-11', 100, 'Y', '2016-05-15'),
(703, 1, 3, '2016-05-12', 100, 'N', '0000-00-00'),
(704, 1, 4, '2016-05-13', 100, 'N', '0000-00-00'),
(705, 1, 5, '2016-05-14', 100, 'N', '0000-00-00'),
(706, 1, 6, '2016-05-15', 100, 'N', '0000-00-00'),
(707, 1, 7, '2016-05-16', 100, 'N', '0000-00-00'),
(708, 1, 8, '2016-05-17', 100, 'N', '0000-00-00'),
(709, 1, 9, '2016-05-18', 100, 'N', '0000-00-00'),
(710, 1, 10, '2016-05-19', 100, 'N', '0000-00-00'),
(711, 1, 11, '2016-05-20', 100, 'N', '0000-00-00'),
(712, 1, 12, '2016-05-21', 100, 'N', '0000-00-00'),
(713, 1, 13, '2016-05-22', 100, 'N', '0000-00-00'),
(714, 1, 14, '2016-05-23', 100, 'N', '0000-00-00'),
(715, 1, 15, '2016-05-24', 100, 'N', '0000-00-00'),
(716, 1, 16, '2016-05-25', 100, 'N', '0000-00-00'),
(717, 1, 17, '2016-05-26', 100, 'N', '0000-00-00'),
(718, 1, 18, '2016-05-27', 100, 'N', '0000-00-00'),
(719, 1, 19, '2016-05-28', 100, 'N', '0000-00-00'),
(720, 1, 20, '2016-05-29', 100, 'N', '0000-00-00'),
(721, 1, 21, '2016-05-30', 100, 'N', '0000-00-00'),
(722, 1, 22, '2016-05-31', 100, 'N', '0000-00-00'),
(723, 1, 23, '2016-06-01', 100, 'N', '0000-00-00'),
(724, 1, 24, '2016-06-02', 100, 'N', '0000-00-00'),
(725, 1, 25, '2016-06-03', 100, 'N', '0000-00-00'),
(726, 1, 26, '2016-06-04', 100, 'N', '0000-00-00'),
(727, 1, 27, '2016-06-05', 100, 'N', '0000-00-00'),
(728, 1, 28, '2016-06-06', 100, 'N', '0000-00-00'),
(729, 1, 29, '2016-06-07', 100, 'N', '0000-00-00'),
(730, 1, 30, '2016-06-08', 100, 'N', '0000-00-00'),
(731, 1, 31, '2016-06-09', 100, 'N', '0000-00-00'),
(732, 1, 32, '2016-06-10', 100, 'N', '0000-00-00'),
(733, 1, 33, '2016-06-11', 100, 'N', '0000-00-00'),
(734, 1, 34, '2016-06-12', 100, 'N', '0000-00-00'),
(735, 1, 35, '2016-06-13', 100, 'N', '0000-00-00'),
(736, 1, 36, '2016-06-14', 100, 'N', '0000-00-00'),
(737, 1, 37, '2016-06-15', 100, 'N', '0000-00-00'),
(738, 1, 38, '2016-06-16', 100, 'N', '0000-00-00'),
(739, 1, 39, '2016-06-17', 100, 'N', '0000-00-00'),
(740, 1, 40, '2016-06-18', 100, 'N', '0000-00-00'),
(741, 1, 41, '2016-06-19', 100, 'N', '0000-00-00'),
(742, 1, 42, '2016-06-20', 100, 'N', '0000-00-00'),
(743, 1, 43, '2016-06-21', 100, 'N', '0000-00-00'),
(744, 1, 44, '2016-06-22', 100, 'N', '0000-00-00'),
(745, 1, 45, '2016-06-23', 100, 'N', '0000-00-00'),
(746, 1, 46, '2016-06-24', 100, 'N', '0000-00-00'),
(747, 1, 47, '2016-06-25', 100, 'N', '0000-00-00'),
(748, 1, 48, '2016-06-26', 100, 'N', '0000-00-00'),
(749, 1, 49, '2016-06-27', 100, 'N', '0000-00-00'),
(750, 1, 50, '2016-06-28', 100, 'N', '0000-00-00'),
(751, 1, 51, '2016-06-29', 100, 'N', '0000-00-00'),
(752, 1, 52, '2016-06-30', 100, 'N', '0000-00-00'),
(753, 1, 53, '2016-07-01', 100, 'N', '0000-00-00'),
(754, 1, 54, '2016-07-02', 100, 'N', '0000-00-00'),
(755, 1, 55, '2016-07-03', 100, 'N', '0000-00-00'),
(756, 1, 56, '2016-07-04', 100, 'N', '0000-00-00'),
(757, 1, 57, '2016-07-05', 100, 'N', '0000-00-00'),
(758, 1, 58, '2016-07-06', 100, 'N', '0000-00-00'),
(759, 1, 59, '2016-07-07', 100, 'N', '0000-00-00'),
(760, 1, 60, '2016-07-08', 100, 'N', '0000-00-00'),
(761, 1, 61, '2016-07-09', 100, 'N', '0000-00-00'),
(762, 1, 62, '2016-07-10', 100, 'N', '0000-00-00'),
(763, 1, 63, '2016-07-11', 100, 'N', '0000-00-00'),
(764, 1, 64, '2016-07-12', 100, 'N', '0000-00-00'),
(765, 1, 65, '2016-07-13', 100, 'N', '0000-00-00'),
(766, 1, 66, '2016-07-14', 100, 'N', '0000-00-00'),
(767, 1, 67, '2016-07-15', 100, 'N', '0000-00-00'),
(768, 1, 68, '2016-07-16', 100, 'N', '0000-00-00'),
(769, 1, 69, '2016-07-17', 100, 'N', '0000-00-00'),
(770, 1, 70, '2016-07-18', 100, 'N', '0000-00-00'),
(771, 1, 71, '2016-07-19', 100, 'N', '0000-00-00'),
(772, 1, 72, '2016-07-20', 100, 'N', '0000-00-00'),
(773, 1, 73, '2016-07-21', 100, 'N', '0000-00-00'),
(774, 1, 74, '2016-07-22', 100, 'N', '0000-00-00'),
(775, 1, 75, '2016-07-23', 100, 'N', '0000-00-00'),
(776, 1, 76, '2016-07-24', 100, 'N', '0000-00-00'),
(777, 1, 77, '2016-07-25', 100, 'N', '0000-00-00'),
(778, 1, 78, '2016-07-26', 100, 'N', '0000-00-00'),
(779, 1, 79, '2016-07-27', 100, 'N', '0000-00-00'),
(780, 1, 80, '2016-07-28', 100, 'N', '0000-00-00'),
(781, 1, 81, '2016-07-29', 100, 'N', '0000-00-00'),
(782, 1, 82, '2016-07-30', 100, 'N', '0000-00-00'),
(783, 1, 83, '2016-07-31', 100, 'N', '0000-00-00'),
(784, 1, 84, '2016-08-01', 100, 'N', '0000-00-00'),
(785, 1, 85, '2016-08-02', 100, 'N', '0000-00-00'),
(786, 1, 86, '2016-08-03', 100, 'N', '0000-00-00'),
(787, 1, 87, '2016-08-04', 100, 'N', '0000-00-00'),
(788, 1, 88, '2016-08-05', 100, 'N', '0000-00-00'),
(789, 1, 89, '2016-08-06', 100, 'N', '0000-00-00'),
(790, 1, 90, '2016-08-07', 100, 'N', '0000-00-00'),
(791, 1, 91, '2016-08-08', 100, 'N', '0000-00-00'),
(792, 1, 92, '2016-08-09', 100, 'N', '0000-00-00'),
(793, 1, 93, '2016-08-10', 100, 'N', '0000-00-00'),
(794, 1, 94, '2016-08-11', 100, 'N', '0000-00-00'),
(795, 1, 95, '2016-08-12', 100, 'N', '0000-00-00'),
(796, 1, 96, '2016-08-13', 100, 'N', '0000-00-00'),
(797, 1, 97, '2016-08-14', 100, 'N', '0000-00-00'),
(798, 1, 98, '2016-08-15', 100, 'N', '0000-00-00'),
(799, 1, 99, '2016-08-16', 100, 'N', '0000-00-00'),
(800, 1, 100, '2016-08-17', 100, 'N', '0000-00-00'),
(801, 2, 1, '2016-05-15', 100, 'Y', '2016-05-15'),
(802, 2, 2, '2016-05-16', 100, 'N', '0000-00-00'),
(803, 2, 3, '2016-05-17', 100, 'N', '0000-00-00'),
(804, 2, 4, '2016-05-18', 100, 'N', '0000-00-00'),
(805, 2, 5, '2016-05-19', 100, 'N', '0000-00-00'),
(806, 2, 6, '2016-05-20', 100, 'N', '0000-00-00'),
(807, 2, 7, '2016-05-21', 100, 'N', '0000-00-00'),
(808, 2, 8, '2016-05-22', 100, 'N', '0000-00-00'),
(809, 2, 9, '2016-05-23', 100, 'N', '0000-00-00'),
(810, 2, 10, '2016-05-24', 100, 'N', '0000-00-00'),
(811, 2, 11, '2016-05-25', 100, 'N', '0000-00-00'),
(812, 2, 12, '2016-05-26', 100, 'N', '0000-00-00'),
(813, 2, 13, '2016-05-27', 100, 'N', '0000-00-00'),
(814, 2, 14, '2016-05-28', 100, 'N', '0000-00-00'),
(815, 2, 15, '2016-05-29', 100, 'N', '0000-00-00'),
(816, 2, 16, '2016-05-30', 100, 'N', '0000-00-00'),
(817, 2, 17, '2016-05-31', 100, 'N', '0000-00-00'),
(818, 2, 18, '2016-06-01', 100, 'N', '0000-00-00'),
(819, 2, 19, '2016-06-02', 100, 'N', '0000-00-00'),
(820, 2, 20, '2016-06-03', 100, 'N', '0000-00-00'),
(821, 2, 21, '2016-06-04', 100, 'N', '0000-00-00'),
(822, 2, 22, '2016-06-05', 100, 'N', '0000-00-00'),
(823, 2, 23, '2016-06-06', 100, 'N', '0000-00-00'),
(824, 2, 24, '2016-06-07', 100, 'N', '0000-00-00'),
(825, 2, 25, '2016-06-08', 100, 'N', '0000-00-00'),
(826, 2, 26, '2016-06-09', 100, 'N', '0000-00-00'),
(827, 2, 27, '2016-06-10', 100, 'N', '0000-00-00'),
(828, 2, 28, '2016-06-11', 100, 'N', '0000-00-00'),
(829, 2, 29, '2016-06-12', 100, 'N', '0000-00-00'),
(830, 2, 30, '2016-06-13', 100, 'N', '0000-00-00'),
(831, 2, 31, '2016-06-14', 100, 'N', '0000-00-00'),
(832, 2, 32, '2016-06-15', 100, 'N', '0000-00-00'),
(833, 2, 33, '2016-06-16', 100, 'N', '0000-00-00'),
(834, 2, 34, '2016-06-17', 100, 'N', '0000-00-00'),
(835, 2, 35, '2016-06-18', 100, 'N', '0000-00-00'),
(836, 2, 36, '2016-06-19', 100, 'N', '0000-00-00'),
(837, 2, 37, '2016-06-20', 100, 'N', '0000-00-00'),
(838, 2, 38, '2016-06-21', 100, 'N', '0000-00-00'),
(839, 2, 39, '2016-06-22', 100, 'N', '0000-00-00'),
(840, 2, 40, '2016-06-23', 100, 'N', '0000-00-00'),
(841, 2, 41, '2016-06-24', 100, 'N', '0000-00-00'),
(842, 2, 42, '2016-06-25', 100, 'N', '0000-00-00'),
(843, 2, 43, '2016-06-26', 100, 'N', '0000-00-00'),
(844, 2, 44, '2016-06-27', 100, 'N', '0000-00-00'),
(845, 2, 45, '2016-06-28', 100, 'N', '0000-00-00'),
(846, 2, 46, '2016-06-29', 100, 'N', '0000-00-00'),
(847, 2, 47, '2016-06-30', 100, 'N', '0000-00-00'),
(848, 2, 48, '2016-07-01', 100, 'N', '0000-00-00'),
(849, 2, 49, '2016-07-02', 100, 'N', '0000-00-00'),
(850, 2, 50, '2016-07-03', 100, 'N', '0000-00-00'),
(851, 2, 51, '2016-07-04', 100, 'N', '0000-00-00'),
(852, 2, 52, '2016-07-05', 100, 'N', '0000-00-00'),
(853, 2, 53, '2016-07-06', 100, 'N', '0000-00-00'),
(854, 2, 54, '2016-07-07', 100, 'N', '0000-00-00'),
(855, 2, 55, '2016-07-08', 100, 'N', '0000-00-00'),
(856, 2, 56, '2016-07-09', 100, 'N', '0000-00-00'),
(857, 2, 57, '2016-07-10', 100, 'N', '0000-00-00'),
(858, 2, 58, '2016-07-11', 100, 'N', '0000-00-00'),
(859, 2, 59, '2016-07-12', 100, 'N', '0000-00-00'),
(860, 2, 60, '2016-07-13', 100, 'N', '0000-00-00'),
(861, 2, 61, '2016-07-14', 100, 'N', '0000-00-00'),
(862, 2, 62, '2016-07-15', 100, 'N', '0000-00-00'),
(863, 2, 63, '2016-07-16', 100, 'N', '0000-00-00'),
(864, 2, 64, '2016-07-17', 100, 'N', '0000-00-00'),
(865, 2, 65, '2016-07-18', 100, 'N', '0000-00-00'),
(866, 2, 66, '2016-07-19', 100, 'N', '0000-00-00'),
(867, 2, 67, '2016-07-20', 100, 'N', '0000-00-00'),
(868, 2, 68, '2016-07-21', 100, 'N', '0000-00-00'),
(869, 2, 69, '2016-07-22', 100, 'N', '0000-00-00'),
(870, 2, 70, '2016-07-23', 100, 'N', '0000-00-00'),
(871, 2, 71, '2016-07-24', 100, 'N', '0000-00-00'),
(872, 2, 72, '2016-07-25', 100, 'N', '0000-00-00'),
(873, 2, 73, '2016-07-26', 100, 'N', '0000-00-00'),
(874, 2, 74, '2016-07-27', 100, 'N', '0000-00-00'),
(875, 2, 75, '2016-07-28', 100, 'N', '0000-00-00'),
(876, 2, 76, '2016-07-29', 100, 'N', '0000-00-00'),
(877, 2, 77, '2016-07-30', 100, 'N', '0000-00-00'),
(878, 2, 78, '2016-07-31', 100, 'N', '0000-00-00'),
(879, 2, 79, '2016-08-01', 100, 'N', '0000-00-00'),
(880, 2, 80, '2016-08-02', 100, 'N', '0000-00-00'),
(881, 2, 81, '2016-08-03', 100, 'N', '0000-00-00'),
(882, 2, 82, '2016-08-04', 100, 'N', '0000-00-00'),
(883, 2, 83, '2016-08-05', 100, 'N', '0000-00-00'),
(884, 2, 84, '2016-08-06', 100, 'N', '0000-00-00'),
(885, 2, 85, '2016-08-07', 100, 'N', '0000-00-00'),
(886, 2, 86, '2016-08-08', 100, 'N', '0000-00-00'),
(887, 2, 87, '2016-08-09', 100, 'N', '0000-00-00'),
(888, 2, 88, '2016-08-10', 100, 'N', '0000-00-00'),
(889, 2, 89, '2016-08-11', 100, 'N', '0000-00-00'),
(890, 2, 90, '2016-08-12', 100, 'N', '0000-00-00'),
(891, 2, 91, '2016-08-13', 100, 'N', '0000-00-00'),
(892, 2, 92, '2016-08-14', 100, 'N', '0000-00-00'),
(893, 2, 93, '2016-08-15', 100, 'N', '0000-00-00'),
(894, 2, 94, '2016-08-16', 100, 'N', '0000-00-00'),
(895, 2, 95, '2016-08-17', 100, 'N', '0000-00-00'),
(896, 2, 96, '2016-08-18', 100, 'N', '0000-00-00'),
(897, 2, 97, '2016-08-19', 100, 'N', '0000-00-00'),
(898, 2, 98, '2016-08-20', 100, 'N', '0000-00-00'),
(899, 2, 99, '2016-08-21', 100, 'N', '0000-00-00'),
(900, 2, 100, '2016-08-22', 100, 'N', '0000-00-00');

-- --------------------------------------------------------

--
-- Table structure for table `loan`
--

CREATE TABLE `loan` (
  `loanId` int(11) NOT NULL,
  `partyId` int(11) DEFAULT NULL,
  `loanDate` date DEFAULT NULL,
  `loanAmount` double DEFAULT NULL,
  `receviedAmount` double NOT NULL DEFAULT '0' COMMENT 'keeps information of loan amount recevied',
  `interest` double DEFAULT NULL,
  `installmentAmount` double DEFAULT NULL,
  `installmentDays` int(11) DEFAULT NULL,
  `guaranterId` int(11) DEFAULT NULL,
  `agentId` int(11) DEFAULT NULL,
  `installmentReceived` int(11) DEFAULT NULL,
  `loanTypeId` int(11) NOT NULL
) ENGINE=InnoDB DEFAULT CHARSET=latin1;

--
-- Dumping data for table `loan`
--

INSERT INTO `loan` (`loanId`, `partyId`, `loanDate`, `loanAmount`, `receviedAmount`, `interest`, `installmentAmount`, `installmentDays`, `guaranterId`, `agentId`, `installmentReceived`, `loanTypeId`) VALUES
(1, 3, '2016-05-10', 10000, 0, 1000, 100, 100, 4, 2, 2, 1),
(2, 3, '2016-05-15', 10000, 0, 1000, 100, 100, 1, 2, 1, 1),
(3, 4, '2016-05-15', 10000, 3000, 1000, 0, 0, 3, 2, 0, 4);

-- --------------------------------------------------------

--
-- Table structure for table `loantype`
--

CREATE TABLE `loantype` (
  `loanTypeId` int(11) NOT NULL,
  `loanType` varchar(255) NOT NULL
) ENGINE=InnoDB DEFAULT CHARSET=latin1;

--
-- Dumping data for table `loantype`
--

INSERT INTO `loantype` (`loanTypeId`, `loanType`) VALUES
(1, 'Daily'),
(4, 'Monthly');

-- --------------------------------------------------------

--
-- Table structure for table `loan_details`
--

CREATE TABLE `loan_details` (
  `id` bigint(32) UNSIGNED NOT NULL,
  `loanId` int(11) UNSIGNED NOT NULL COMMENT 'ref key of loan table',
  `month` tinyint(2) UNSIGNED NOT NULL,
  `year` int(4) UNSIGNED NOT NULL,
  `display_text` varchar(30) NOT NULL,
  `recevied` tinyint(2) UNSIGNED NOT NULL DEFAULT '0' COMMENT '0=Not Recevied, 1=Recevied',
  `recevied_date` datetime NOT NULL COMMENT 'Intrest Recevied Date & Time',
  `due_date` datetime NOT NULL COMMENT 'Due date of loan installment'
) ENGINE=InnoDB DEFAULT CHARSET=utf8 COMMENT='Table keeps information of montly installment details';

--
-- Dumping data for table `loan_details`
--

INSERT INTO `loan_details` (`id`, `loanId`, `month`, `year`, `display_text`, `recevied`, `recevied_date`, `due_date`) VALUES
(1, 3, 5, 2016, 'May-2016', 1, '2016-05-15 09:05:46', '2016-05-15 00:00:00'),
(2, 3, 6, 2016, 'June-2016', 1, '2016-05-15 09:05:49', '2016-06-15 00:06:00'),
(3, 3, 7, 2016, 'July-2016', 1, '2016-05-15 09:05:40', '2016-07-15 00:07:00'),
(4, 3, 8, 2016, 'August-2016', 0, '0000-00-00 00:00:00', '2016-08-15 00:08:00'),
(5, 3, 9, 2016, 'September-2016', 0, '0000-00-00 00:00:00', '2016-09-15 00:09:00'),
(6, 3, 10, 2016, 'October-2016', 0, '0000-00-00 00:00:00', '2016-10-15 00:10:00'),
(7, 3, 11, 2016, 'November-2016', 0, '0000-00-00 00:00:00', '2016-11-15 00:11:00'),
(8, 3, 12, 2016, 'December-2016', 0, '0000-00-00 00:00:00', '2016-12-15 00:12:00'),
(9, 3, 1, 2017, 'January-2017', 0, '0000-00-00 00:00:00', '2017-01-15 00:01:00'),
(10, 3, 2, 2017, 'February-2017', 0, '0000-00-00 00:00:00', '2017-02-15 00:02:00'),
(11, 3, 3, 2017, 'March-2017', 0, '0000-00-00 00:00:00', '2017-03-15 00:03:00'),
(12, 3, 4, 2017, 'April-2017', 0, '0000-00-00 00:00:00', '2017-04-15 00:04:00');

-- --------------------------------------------------------

--
-- Table structure for table `party`
--

CREATE TABLE `party` (
  `partyId` int(11) NOT NULL,
  `partyName` varchar(255) CHARACTER SET utf8 DEFAULT NULL,
  `address` varchar(255) CHARACTER SET utf8 DEFAULT NULL,
  `city` varchar(255) CHARACTER SET utf8 DEFAULT NULL,
  `phone1` varchar(255) CHARACTER SET utf8 DEFAULT NULL,
  `phone2` varchar(255) CHARACTER SET utf8 DEFAULT NULL,
  `documentsId` varchar(255) CHARACTER SET utf8 DEFAULT NULL,
  `otherInfo` varchar(255) CHARACTER SET utf8 DEFAULT NULL,
  `partyStatus` varchar(255) NOT NULL DEFAULT 'Active'
) ENGINE=InnoDB DEFAULT CHARSET=latin1;

--
-- Dumping data for table `party`
--

INSERT INTO `party` (`partyId`, `partyName`, `address`, `city`, `phone1`, `phone2`, `documentsId`, `otherInfo`, `partyStatus`) VALUES
(1, 'Party1', 'Rajkot', 'Rajkot', '9999999999', '', '', 'Testing', 'Active'),
(2, 'Party2', 'Junagadh', 'Junagadh', '123456', '', '1', 'Testing 2', 'Active'),
(3, 'Ajay', 'Talala', 'Talala', '120120', '', '1', 'No 22222', 'Active'),
(4, 'Vijay', 'Veraval', 'Veraval', '', '', '1', '', 'Active'),
(6, 'Party3', 'Rajkot', 'Rajkot', '123456', '', '1', '', 'Active'),
(7, 'Party1', 'Junagadh', 'Junagadh', '123456', '123456', '1', 'Test', 'Active');

-- --------------------------------------------------------

--
-- Table structure for table `transactionnew`
--

CREATE TABLE `transactionnew` (
  `transactionId` int(11) NOT NULL,
  `loanId` int(11) NOT NULL,
  `agentId` int(11) NOT NULL,
  `fd_id` int(11) DEFAULT NULL,
  `transactionForId` int(11) NOT NULL,
  `creditDebit` enum('Credit','Debit') NOT NULL,
  `transactionDate` date NOT NULL,
  `transactionAmount` double NOT NULL,
  `note` varchar(255) NOT NULL
) ENGINE=InnoDB DEFAULT CHARSET=latin1;

--
-- Dumping data for table `transactionnew`
--

INSERT INTO `transactionnew` (`transactionId`, `loanId`, `agentId`, `fd_id`, `transactionForId`, `creditDebit`, `transactionDate`, `transactionAmount`, `note`) VALUES
(8, 1, 0, NULL, 1, 'Debit', '2016-05-10', 10000, 'Daily loan Given.'),
(9, 1, 2, NULL, 2, 'Credit', '2016-05-10', 100, 'interest recevied for daily loan.'),
(13, 0, 0, 5, 5, 'Credit', '2016-05-10', 25000, 'Monthly FD Taken.'),
(14, 0, 0, 5, 6, 'Debit', '2016-05-10', 1500, 'FD Interest : Debit : interest paid on fd'),
(15, 0, 2, NULL, 4, 'Debit', '2016-05-10', 200, 'Agent : LalitBhai : Agent : Debit : commission paid'),
(16, 2, 0, NULL, 1, 'Debit', '2016-05-15', 10000, 'Daily loan Given.'),
(17, 2, 0, NULL, 2, 'Credit', '2016-05-15', 1000, 'interest recevied for Daily loan.'),
(18, 1, 2, NULL, 1, 'Credit', '2016-05-15', 100, 'Client : Ajay : Loan Amount : Credit : Loan Amount Received'),
(19, 2, 2, NULL, 1, 'Credit', '2016-05-15', 100, 'Client : Ajay : Loan Amount : Credit : Loan Amount Received'),
(20, 3, 0, NULL, 1, 'Debit', '2016-05-15', 10000, 'Monthly loan Given.'),
(21, 0, 0, NULL, 2, 'Credit', '2016-05-15', 1000, 'Interest Amount : Credit : '),
(22, 3, 2, NULL, 2, 'Credit', '2016-05-15', 1000, 'Client : Vijay : Interest Amount : Credit : '),
(23, 0, 0, NULL, 2, 'Credit', '2016-05-15', 1000, 'Interest Amount : Credit : '),
(24, 0, 0, NULL, 2, 'Credit', '2016-05-15', 1000, 'Interest Amount : Credit : '),
(25, 0, 0, NULL, 2, 'Credit', '2016-05-15', 1000, 'Interest Amount : Credit : '),
(26, 0, 0, NULL, 2, 'Credit', '2016-05-15', 1000, 'Interest Amount : Credit : '),
(27, 3, 0, NULL, 2, 'Credit', '2016-05-15', 1000, 'Client : Vijay : Interest Amount : Credit : '),
(28, 3, 2, NULL, 2, 'Credit', '2016-05-15', 1000, 'Agent : LalitBhai : Client : Vijay : Interest Amount : Credit : '),
(29, 0, 2, NULL, 4, 'Debit', '2016-05-15', 1000, 'Agent : LalitBhai : Agent : Debit : Paid For Remaining Commission'),
(30, 2, 2, NULL, 2, 'Debit', '2016-05-15', 1000, 'Agent : LalitBhai : Client : Ajay : Interest Amount : Debit : testing debit commission'),
(31, 0, 0, 6, 5, 'Credit', '2016-05-16', 25000, 'Monthly FD Taken.'),
(32, 0, 0, 7, 5, 'Credit', '2016-05-16', 50000, 'Monthly FD Taken.');

--
-- Indexes for dumped tables
--

--
-- Indexes for table `account`
--
ALTER TABLE `account`
  ADD PRIMARY KEY (`accountId`);

--
-- Indexes for table `agent`
--
ALTER TABLE `agent`
  ADD PRIMARY KEY (`agent_id`);

--
-- Indexes for table `documents`
--
ALTER TABLE `documents`
  ADD PRIMARY KEY (`documentsId`);

--
-- Indexes for table `fd_amount`
--
ALTER TABLE `fd_amount`
  ADD PRIMARY KEY (`fd_id`);

--
-- Indexes for table `fd_details`
--
ALTER TABLE `fd_details`
  ADD PRIMARY KEY (`fd_detail_id`);

--
-- Indexes for table `installment`
--
ALTER TABLE `installment`
  ADD PRIMARY KEY (`installmentId`);

--
-- Indexes for table `loan`
--
ALTER TABLE `loan`
  ADD PRIMARY KEY (`loanId`);

--
-- Indexes for table `loantype`
--
ALTER TABLE `loantype`
  ADD PRIMARY KEY (`loanTypeId`);

--
-- Indexes for table `loan_details`
--
ALTER TABLE `loan_details`
  ADD PRIMARY KEY (`id`),
  ADD KEY `loanId` (`loanId`);

--
-- Indexes for table `party`
--
ALTER TABLE `party`
  ADD PRIMARY KEY (`partyId`);

--
-- Indexes for table `transactionnew`
--
ALTER TABLE `transactionnew`
  ADD PRIMARY KEY (`transactionId`);

--
-- AUTO_INCREMENT for dumped tables
--

--
-- AUTO_INCREMENT for table `account`
--
ALTER TABLE `account`
  MODIFY `accountId` int(11) NOT NULL AUTO_INCREMENT, AUTO_INCREMENT=7;
--
-- AUTO_INCREMENT for table `agent`
--
ALTER TABLE `agent`
  MODIFY `agent_id` int(11) NOT NULL AUTO_INCREMENT, AUTO_INCREMENT=4;
--
-- AUTO_INCREMENT for table `documents`
--
ALTER TABLE `documents`
  MODIFY `documentsId` int(11) NOT NULL AUTO_INCREMENT, AUTO_INCREMENT=2;
--
-- AUTO_INCREMENT for table `fd_amount`
--
ALTER TABLE `fd_amount`
  MODIFY `fd_id` int(11) NOT NULL AUTO_INCREMENT, AUTO_INCREMENT=8;
--
-- AUTO_INCREMENT for table `fd_details`
--
ALTER TABLE `fd_details`
  MODIFY `fd_detail_id` bigint(32) UNSIGNED NOT NULL AUTO_INCREMENT, AUTO_INCREMENT=25;
--
-- AUTO_INCREMENT for table `installment`
--
ALTER TABLE `installment`
  MODIFY `installmentId` int(11) NOT NULL AUTO_INCREMENT, AUTO_INCREMENT=901;
--
-- AUTO_INCREMENT for table `loantype`
--
ALTER TABLE `loantype`
  MODIFY `loanTypeId` int(11) NOT NULL AUTO_INCREMENT, AUTO_INCREMENT=5;
--
-- AUTO_INCREMENT for table `loan_details`
--
ALTER TABLE `loan_details`
  MODIFY `id` bigint(32) UNSIGNED NOT NULL AUTO_INCREMENT, AUTO_INCREMENT=13;
--
-- AUTO_INCREMENT for table `party`
--
ALTER TABLE `party`
  MODIFY `partyId` int(11) NOT NULL AUTO_INCREMENT, AUTO_INCREMENT=8;
--
-- AUTO_INCREMENT for table `transactionnew`
--
ALTER TABLE `transactionnew`
  MODIFY `transactionId` int(11) NOT NULL AUTO_INCREMENT, AUTO_INCREMENT=33;
/*!40101 SET CHARACTER_SET_CLIENT=@OLD_CHARACTER_SET_CLIENT */;
/*!40101 SET CHARACTER_SET_RESULTS=@OLD_CHARACTER_SET_RESULTS */;
/*!40101 SET COLLATION_CONNECTION=@OLD_COLLATION_CONNECTION */;
